{
  "event_counts": {
    "belady_frontier": 497,
    "match_result": 781,
    "node_access": 365,
    "node_created": 537,
    "node_evicted": 497,
    "node_lock": 743,
    "node_split": 6,
    "request_lookup": 781
  },
  "frontier_belady_diff_rate": 0.3199195171026157,
  "frontier_decisions": 497,
  "frontier_same_choice_rate": 0.6800804828973843,
  "lookup_summary": {
    "mean_blocks_per_request": 136.2394366197183,
    "mean_tokens_per_request": 4359.661971830986,
    "request_count": 781,
    "requested_blocks": 106403,
    "requested_tokens": 3404896
  },
  "match_summary": {
    "block_hit_rate": 0.35671926543424526,
    "block_miss_rate": 0.6432807345657547,
    "matched_blocks": 37956,
    "matched_tokens": 1214592,
    "missed_blocks": 68447,
    "missed_tokens": 2190304,
    "request_count": 781,
    "token_hit_rate": 0.35671926543424526,
    "token_miss_rate": 0.6432807345657547
  },
  "most_accessed_blocks": [
    [
      -3869084092682661315,
      27
    ],
    [
      197226621136996405,
      27
    ],
    [
      1968789915868551368,
      14
    ],
    [
      -4829019408628508026,
      14
    ],
    [
      5669404983807934864,
      14
    ],
    [
      -918321022106004651,
      14
    ],
    [
      -2172195479160877688,
      14
    ],
    [
      7578470608396286055,
      14
    ],
    [
      -1905775896510556434,
      14
    ],
    [
      4642058593651930567,
      14
    ],
    [
      -6822827565848067594,
      14
    ],
    [
      -8150360827859448581,
      14
    ],
    [
      5532578759175785587,
      14
    ],
    [
      7334527551680814646,
      14
    ],
    [
      2678432598727818235,
      14
    ],
    [
      2000823421391647320,
      14
    ],
    [
      -3959628497979030793,
      14
    ],
    [
      5785416391306916999,
      14
    ],
    [
      -2710516600749587470,
      14
    ],
    [
      -1872265379936683178,
      14
    ]
  ],
  "most_accessed_nodes": [
    [
      121,
      12
    ],
    [
      150,
      4
    ],
    [
      355,
      4
    ],
    [
      434,
      4
    ],
    [
      2,
      3
    ],
    [
      8,
      3
    ],
    [
      48,
      3
    ],
    [
      220,
      3
    ],
    [
      271,
      3
    ],
    [
      339,
      3
    ],
    [
      409,
      3
    ],
    [
      6,
      2
    ],
    [
      9,
      2
    ],
    [
      11,
      2
    ],
    [
      16,
      2
    ],
    [
      19,
      2
    ],
    [
      22,
      2
    ],
    [
      24,
      2
    ],
    [
      25,
      2
    ],
    [
      79,
      2
    ]
  ],
  "page_cache_simulation": {
    "belady_hit_rate": 0.7410787289832054,
    "belady_hits": 78853,
    "belady_miss_rate": 0.25892127101679463,
    "belady_misses": 27550,
    "belady_reuse_hit_rate": 1.0,
    "belady_reuse_hits": 78853,
    "belady_reuse_miss_rate": 0.0,
    "belady_reuse_misses": 0,
    "capacity_blocks": 16000,
    "compulsory_misses": 27550,
    "lru_hit_rate": 0.7366521620630997,
    "lru_hits": 78382,
    "lru_miss_rate": 0.26334783793690025,
    "lru_misses": 28021,
    "lru_reuse_hit_rate": 0.994026860106781,
    "lru_reuse_hits": 78382,
    "lru_reuse_miss_rate": 0.005973139893219028,
    "lru_reuse_misses": 471,
    "reuse_accesses": 78853,
    "total_accesses": 106403
  },
  "trace_path": "results/experiments/headroom_effective_residency_full_20260427/near_real__ps32__mem024__belady/traces/belady.jsonl",
  "unique_blocks": 29638,
  "unique_nodes": 543
}