{
  "cache_metrics": {
    "block_hit_rate": {
      "belady_bypass": 0.5363128491620112,
      "lru": 0.5363128491620112
    },
    "block_miss_rate": {
      "belady_bypass": 0.46368715083798884,
      "lru": 0.46368715083798884
    },
    "compulsory_misses": 2906,
    "matched_blocks": {
      "belady_bypass": 3360,
      "lru": 3360
    },
    "missed_blocks": {
      "belady_bypass": 2905,
      "lru": 2905
    },
    "primary_trace_summary": {
      "event_counts": {
        "eviction_frontier": 13,
        "match_result": 54,
        "node_access": 34,
        "node_created": 53,
        "node_evicted": 13,
        "node_lock": 70,
        "request_lookup": 54
      },
      "frontier_belady_diff_rate": 0.0,
      "frontier_decisions": 13,
      "frontier_same_choice_rate": 1.0,
      "lookup_summary": {
        "mean_blocks_per_request": 116.01851851851852,
        "mean_tokens_per_request": 3712.5925925925926,
        "request_count": 54,
        "requested_blocks": 6265,
        "requested_tokens": 200480
      },
      "match_summary": {
        "block_hit_rate": 0.5363128491620112,
        "block_miss_rate": 0.46368715083798884,
        "matched_blocks": 3360,
        "matched_tokens": 107520,
        "missed_blocks": 2905,
        "missed_tokens": 92960,
        "request_count": 54,
        "token_hit_rate": 0.5363128491620112,
        "token_miss_rate": 0.46368715083798884
      },
      "most_accessed_blocks": [
        [
          -5849549067620775128,
          4
        ],
        [
          3003874149108747500,
          4
        ],
        [
          -2510861644557378540,
          4
        ],
        [
          1002837021899819620,
          4
        ],
        [
          7919513799519886226,
          4
        ],
        [
          -8245197715606902671,
          4
        ],
        [
          7391554220394604590,
          4
        ],
        [
          -5246587677122829139,
          4
        ],
        [
          1950220339754384810,
          4
        ],
        [
          3226450185056543467,
          4
        ],
        [
          3579695183584764871,
          4
        ],
        [
          3375500449909432285,
          4
        ],
        [
          -213836654447699010,
          4
        ],
        [
          -7300901304593958187,
          4
        ],
        [
          7184387464416098244,
          4
        ],
        [
          3189354746744280822,
          4
        ],
        [
          3024018823871886287,
          4
        ],
        [
          -7013576060518575352,
          4
        ],
        [
          -6356612660657567519,
          4
        ],
        [
          -7013266438019531659,
          4
        ]
      ],
      "most_accessed_nodes": [
        [
          2,
          3
        ],
        [
          7,
          2
        ],
        [
          9,
          2
        ],
        [
          13,
          2
        ],
        [
          18,
          2
        ],
        [
          4,
          1
        ],
        [
          5,
          1
        ],
        [
          6,
          1
        ],
        [
          8,
          1
        ],
        [
          10,
          1
        ],
        [
          11,
          1
        ],
        [
          12,
          1
        ],
        [
          14,
          1
        ],
        [
          15,
          1
        ],
        [
          16,
          1
        ],
        [
          17,
          1
        ],
        [
          19,
          1
        ],
        [
          20,
          1
        ],
        [
          21,
          1
        ],
        [
          22,
          1
        ]
      ],
      "page_cache_simulation": {
        "belady_hit_rate": 0.5361532322426177,
        "belady_hits": 3359,
        "belady_miss_rate": 0.46384676775738226,
        "belady_misses": 2906,
        "belady_reuse_hit_rate": 1.0,
        "belady_reuse_hits": 3359,
        "belady_reuse_miss_rate": 0.0,
        "belady_reuse_misses": 0,
        "capacity_blocks": 16000,
        "compulsory_misses": 2906,
        "lru_hit_rate": 0.5361532322426177,
        "lru_hits": 3359,
        "lru_miss_rate": 0.46384676775738226,
        "lru_misses": 2906,
        "lru_reuse_hit_rate": 1.0,
        "lru_reuse_hits": 3359,
        "lru_reuse_miss_rate": 0.0,
        "lru_reuse_misses": 0,
        "reuse_accesses": 3359,
        "total_accesses": 6265
      },
      "trace_path": "results/experiments/headroom_opt_incoming_line_pilot/near_real__ps32__n06/traces/lru.jsonl",
      "unique_blocks": 3100,
      "unique_nodes": 53
    },
    "secondary_trace_summary": {
      "event_counts": {
        "belady_frontier": 27,
        "cache_budget_enforcement": 6,
        "match_result": 54,
        "node_access": 34,
        "node_created": 52,
        "node_evicted": 26,
        "node_lock": 69,
        "request_lookup": 54
      },
      "frontier_belady_diff_rate": 0.9230769230769231,
      "frontier_decisions": 26,
      "frontier_same_choice_rate": 0.07692307692307693,
      "lookup_summary": {
        "mean_blocks_per_request": 116.01851851851852,
        "mean_tokens_per_request": 3712.5925925925926,
        "request_count": 54,
        "requested_blocks": 6265,
        "requested_tokens": 200480
      },
      "match_summary": {
        "block_hit_rate": 0.5363128491620112,
        "block_miss_rate": 0.46368715083798884,
        "matched_blocks": 3360,
        "matched_tokens": 107520,
        "missed_blocks": 2905,
        "missed_tokens": 92960,
        "request_count": 54,
        "token_hit_rate": 0.5363128491620112,
        "token_miss_rate": 0.46368715083798884
      },
      "most_accessed_blocks": [
        [
          -5849549067620775128,
          4
        ],
        [
          3003874149108747500,
          4
        ],
        [
          -2510861644557378540,
          4
        ],
        [
          1002837021899819620,
          4
        ],
        [
          7919513799519886226,
          4
        ],
        [
          -8245197715606902671,
          4
        ],
        [
          7391554220394604590,
          4
        ],
        [
          -5246587677122829139,
          4
        ],
        [
          1950220339754384810,
          4
        ],
        [
          3226450185056543467,
          4
        ],
        [
          3579695183584764871,
          4
        ],
        [
          3375500449909432285,
          4
        ],
        [
          -213836654447699010,
          4
        ],
        [
          -7300901304593958187,
          4
        ],
        [
          7184387464416098244,
          4
        ],
        [
          3189354746744280822,
          4
        ],
        [
          3024018823871886287,
          4
        ],
        [
          -7013576060518575352,
          4
        ],
        [
          -6356612660657567519,
          4
        ],
        [
          -7013266438019531659,
          4
        ]
      ],