{
  "cache_metrics": {
    "block_hit_rate": {
      "belady_bypass": 0.3551365373350813,
      "lru": 0.3551365373350813
    },
    "block_miss_rate": {
      "belady_bypass": 0.6448634626649187,
      "lru": 0.6448634626649187
    },
    "compulsory_misses": 27550,
    "matched_blocks": {
      "belady_bypass": 38196,
      "lru": 38196
    },
    "missed_blocks": {
      "belady_bypass": 69357,
      "lru": 69357
    },
    "primary_trace_summary": {
      "event_counts": {
        "eviction_frontier": 499,
        "match_result": 786,
        "node_access": 370,
        "node_created": 539,
        "node_evicted": 499,
        "node_lock": 753,
        "node_split": 6,
        "request_lookup": 786
      },
      "frontier_belady_diff_rate": 0.0,
      "frontier_decisions": 499,
      "frontier_same_choice_rate": 1.0,
      "lookup_summary": {
        "mean_blocks_per_request": 136.83587786259542,
        "mean_tokens_per_request": 4378.748091603054,
        "request_count": 786,
        "requested_blocks": 107553,
        "requested_tokens": 3441696
      },
      "match_summary": {
        "block_hit_rate": 0.3551365373350813,
        "block_miss_rate": 0.6448634626649187,
        "matched_blocks": 38196,
        "matched_tokens": 1222272,
        "missed_blocks": 69357,
        "missed_tokens": 2219424,
        "request_count": 786,
        "token_hit_rate": 0.3551365373350813,
        "token_miss_rate": 0.6448634626649187
      },
      "most_accessed_blocks": [
        [
          -3869084092682661315,
          29
        ],
        [
          197226621136996405,
          29
        ],
        [
          1968789915868551368,
          14
        ],
        [
          -4829019408628508026,
          14
        ],
        [
          5669404983807934864,
          14
        ],
        [
          -918321022106004651,
          14
        ],
        [
          -2172195479160877688,
          14
        ],
        [
          7578470608396286055,
          14
        ],
        [
          -1905775896510556434,
          14
        ],
        [
          4642058593651930567,
          14
        ],
        [
          -6822827565848067594,
          14
        ],
        [
          -8150360827859448581,
          14
        ],
        [
          5532578759175785587,
          14
        ],
        [
          7334527551680814646,
          14
        ],
        [
          2678432598727818235,
          14
        ],
        [
          2000823421391647320,
          14
        ],
        [
          -3959628497979030793,
          14
        ],
        [
          5785416391306916999,
          14
        ],
        [
          -2710516600749587470,
          14
        ],
        [
          -1872265379936683178,
          14
        ]
      ],
      "most_accessed_nodes": [
        [
          122,
          12
        ],
        [
          151,
          4
        ],
        [
          357,
          4
        ],
        [
          435,
          4
        ],
        [
          2,
          3
        ],
        [
          8,
          3
        ],
        [
          23,
          3
        ],
        [
          49,
          3
        ],
        [
          221,
          3
        ],
        [
          272,
          3
        ],
        [
          341,
          3
        ],
        [
          411,
          3
        ],
        [
          7,
          2
        ],
        [
          9,
          2
        ],
        [
          12,
          2
        ],
        [
          16,
          2
        ],
        [
          19,
          2
        ],
        [
          22,
          2
        ],
        [
          26,
          2
        ],
        [
          29,
          2
        ]
      ],
      "page_cache_simulation": {
        "belady_hit_rate": 0.7438472195103809,
        "belady_hits": 80003,
        "belady_miss_rate": 0.2561527804896191,
        "belady_misses": 27550,
        "belady_reuse_hit_rate": 1.0,
        "belady_reuse_hits": 80003,
        "belady_reuse_miss_rate": 0.0,
        "belady_reuse_misses": 0,
        "capacity_blocks": 16000,
        "compulsory_misses": 27550,
        "lru_hit_rate": 0.7394679832268742,
        "lru_hits": 79532,
        "lru_miss_rate": 0.2605320167731258,
        "lru_misses": 28021,
        "lru_reuse_hit_rate": 0.994112720772971,
        "lru_reuse_hits": 79532,
        "lru_reuse_miss_rate": 0.005887279227028986,
        "lru_reuse_misses": 471,
        "reuse_accesses": 80003,
        "total_accesses": 107553
      },
      "trace_path": "results/experiments/headroom_effective_residency_full_20260427/near_real__ps32__mem024__belady_bypass/traces/lru.jsonl",
      "unique_blocks": 29655,
      "unique_nodes": 545
    },
    "secondary_trace_summary": {
      "event_counts": {
        "belady_frontier": 521,
        "cache_budget_enforcement": 5,
        "match_result": 786,
        "node_access": 370,
        "node_created": 539,
        "node_evicted": 520,
        "node_lock": 755,
        "node_split": 6,
        "request_lookup": 786
      },
      "frontier_belady_diff_rate": 0.34615384615384615,
      "frontier_decisions": 520,
      "frontier_same_choice_rate": 0.6538461538461539,
      "lookup_summary": {
        "mean_blocks_per_request": 136.83587786259542,
        "mean_tokens_per_request": 4378.748091603054,
        "request_count": 786,
        "requested_blocks": 107553,
        "requested_tokens": 3441696
      },
      "match_summary": {
        "block_hit_rate": 0.3551365373350813,
        "block_miss_rate": 0.6448634626649187,
        "matched_blocks": 38196,
        "matched_tokens": 1222272,
        "missed_blocks": 69357,
        "missed_tokens": 2219424,
        "request_count": 786,
        "token_hit_rate": 0.3551365373350813,
        "token_miss_rate": 0.6448634626649187
      },
      "most_accessed_blocks": [
        [
          -3869084092682661315,
          29
        ],
        [
          197226621136996405,
          29
        ],
        [
          1968789915868551368,
          14
        ],
        [
          -4829019408628508026,
          14
        ],
        [
          5669404983807934864,
          14
        ],
        [
          -918321022106004651,
          14
        ],
        [
          -2172195479160877688,
          14
        ],
        [
          7578470608396286055,
          14
        ],
        [
          -1905775896510556434,
          14
        ],
        [
          4642058593651930567,
          14
        ],
        [
          -6822827565848067594,
          14
        ],
        [
          -8150360827859448581,
          14
        ],
        [
          5532578759175785587,
          14
        ],
        [
          7334527551680814646,
          14
        ],
        [
          2678432598727818235,
          14
        ],
        [
          2000823421391647320,
          14
        ],
        [
          -3959628497979030793,
          14
        ],
        [
          5785416391306916999,
          14
        ],
        [
          -2710516600749587470,
          14
        ],
        [
          -1872265379936683178,
          14
        ]
      ],