{
  "rows": [
    {
      "corr_missed_blocks_vs_ttft": 0.10894480350027512,
      "corr_missed_tokens_vs_ttft": 0.10894480350027512,
      "critical_path_miss_rate": 0.4610874200426439,
      "mean_missed_blocks_per_request": 54.0625,
      "mean_missed_tokens_per_request": 1730.0,
      "mean_ttft_ms": 217.04047636012547,
      "median_itl_ms": 9.424791671335697,
      "median_ttft_ms": 177.18223319388926,
      "mem_fraction": 0.24,
      "output_throughput": 404.6006740899584,
      "p99_itl_ms": 43.095321469008915,
      "p99_ttft_ms": 454.66873936820775,
      "page_size": 32,
      "policy": "lru",
      "workload": "near_real"
    },
    {
      "corr_missed_blocks_vs_ttft": 0.10372157142067151,
      "corr_missed_tokens_vs_ttft": 0.10372157142067151,
      "critical_path_miss_rate": 0.4610874200426439,
      "mean_missed_blocks_per_request": 54.0625,
      "mean_missed_tokens_per_request": 1730.0,
      "mean_ttft_ms": 218.01224871887825,
      "median_itl_ms": 9.454397018998861,
      "median_ttft_ms": 174.87102909944952,
      "mem_fraction": 0.24,
      "output_throughput": 402.9098111776066,
      "p99_itl_ms": 42.92520418763161,
      "p99_ttft_ms": 456.6558904247358,
      "page_size": 32,
      "policy": "opt",
      "workload": "near_real"
    },
    {
      "corr_missed_blocks_vs_ttft": 0.17609594196034645,
      "corr_missed_tokens_vs_ttft": 0.17609594196034645,
      "critical_path_miss_rate": 0.4610874200426439,
      "mean_missed_blocks_per_request": 54.0625,
      "mean_missed_tokens_per_request": 1730.0,
      "mean_ttft_ms": 249.62877950747497,
      "median_itl_ms": 9.480951819568872,
      "median_ttft_ms": 200.36274218000472,
      "mem_fraction": 0.24,
      "output_throughput": 380.6248470531071,
      "p99_itl_ms": 42.92348494753241,
      "p99_ttft_ms": 511.92189655266696,
      "page_size": 32,
      "policy": "opt_bypass",
      "workload": "near_real"
    },
    {
      "corr_missed_blocks_vs_ttft": 0.22790791146890185,
      "corr_missed_tokens_vs_ttft": 0.22790791146890185,
      "critical_path_miss_rate": 0.5107913669064749,
      "mean_missed_blocks_per_request": 71.0,
      "mean_missed_tokens_per_request": 2272.0,
      "mean_ttft_ms": 300.51098071271554,
      "median_itl_ms": 10.190543252974749,
      "median_ttft_ms": 344.9945223983377,
      "mem_fraction": 0.24,
      "output_throughput": 130.4246256088641,
      "p99_itl_ms": 339.7285078465947,
      "p99_ttft_ms": 503.7369654979557,
      "page_size": 32,
      "policy": "lru",
      "workload": "optimistic"
    },
    {
      "corr_missed_blocks_vs_ttft": 0.3512527318293897,
      "corr_missed_tokens_vs_ttft": 0.3512527318293897,
      "critical_path_miss_rate": 0.44779477947794777,
      "mean_missed_blocks_per_request": 62.1875,
      "mean_missed_tokens_per_request": 1990.0,
      "mean_ttft_ms": 256.29746573395096,
      "median_itl_ms": 9.509461931884289,
      "median_ttft_ms": 245.6070464104414,
      "mem_fraction": 0.24,
      "output_throughput": 134.82007948454552,
      "p99_itl_ms": 240.0745691685011,
      "p99_ttft_ms": 494.69646106008435,
      "page_size": 32,
      "policy": "opt",
      "workload": "optimistic"
    },
    {
      "corr_missed_blocks_vs_ttft": 0.19600233154818386,
      "corr_missed_tokens_vs_ttft": 0.19600233154818386,
      "critical_path_miss_rate": 0.5107913669064749,
      "mean_missed_blocks_per_request": 71.0,
      "mean_missed_tokens_per_request": 2272.0,
      "mean_ttft_ms": 286.5710272162687,
      "median_itl_ms": 9.812917560338974,
      "median_ttft_ms": 293.0873504374176,
      "mem_fraction": 0.24,
      "output_throughput": 134.75457522728868,
      "p99_itl_ms": 409.908734112978,
      "p99_ttft_ms": 503.52315756026655,
      "page_size": 32,
      "policy": "opt_bypass",
      "workload": "optimistic"
    }
  ]
}