{
  "event_counts": {
    "belady_frontier": 349,
    "match_result": 577,
    "node_access": 317,
    "node_created": 399,
    "node_evicted": 349,
    "node_lock": 658,
    "node_split": 7,
    "request_lookup": 577
  },
  "frontier_belady_diff_rate": 0.36962750716332377,
  "frontier_decisions": 349,
  "frontier_same_choice_rate": 0.6303724928366762,
  "lookup_summary": {
    "mean_blocks_per_request": 147.83882149046795,
    "mean_tokens_per_request": 4730.842287694974,
    "request_count": 577,
    "requested_blocks": 85303,
    "requested_tokens": 2729696
  },
  "match_summary": {
    "block_hit_rate": 0.3901035133582641,
    "block_miss_rate": 0.6098964866417359,
    "matched_blocks": 33277,
    "matched_tokens": 1064864,
    "missed_blocks": 52026,
    "missed_tokens": 1664832,
    "request_count": 577,
    "token_hit_rate": 0.3901035133582641,
    "token_miss_rate": 0.6098964866417359
  },
  "most_accessed_blocks": [
    [
      -3869084092682661315,
      27
    ],
    [
      197226621136996405,
      27
    ],
    [
      -695876038110237607,
      12
    ],
    [
      -8170427823419724137,
      12
    ],
    [
      -3747238855178657104,
      12
    ],
    [
      -8145200644010478377,
      12
    ],
    [
      3565102613783831681,
      12
    ],
    [
      9077902564776467180,
      12
    ],
    [
      2988800850730827034,
      12
    ],
    [
      -5531967274369800146,
      12
    ],
    [
      -3558003923479667486,
      12
    ],
    [
      -4101524256021334656,
      12
    ],
    [
      3312418697301955113,
      12
    ],
    [
      6523019337207016143,
      12
    ],
    [
      1463210773029165712,
      12
    ],
    [
      -9216731256340573836,
      12
    ],
    [
      7206751891700010554,
      12
    ],
    [
      4454054623002954470,
      12
    ],
    [
      2630264820207745831,
      12
    ],
    [
      1143341344824226587,
      12
    ]
  ],
  "most_accessed_nodes": [
    [
      27,
      11
    ],
    [
      246,
      11
    ],
    [
      262,
      8
    ],
    [
      322,
      6
    ],
    [
      2,
      5
    ],
    [
      14,
      5
    ],
    [
      33,
      5
    ],
    [
      17,
      3
    ],
    [
      40,
      3
    ],
    [
      58,
      3
    ],
    [
      85,
      3
    ],
    [
      115,
      3
    ],
    [
      122,
      3
    ],
    [
      192,
      3
    ],
    [
      272,
      3
    ],
    [
      5,
      2
    ],
    [
      7,
      2
    ],
    [
      9,
      2
    ],
    [
      12,
      2
    ],
    [
      18,
      2
    ]
  ],
  "page_cache_simulation": {
    "belady_hit_rate": 0.7256016787217331,
    "belady_hits": 61896,
    "belady_miss_rate": 0.2743983212782669,
    "belady_misses": 23407,
    "belady_reuse_hit_rate": 1.0,
    "belady_reuse_hits": 61896,
    "belady_reuse_miss_rate": 0.0,
    "belady_reuse_misses": 0,
    "capacity_blocks": 18666,
    "compulsory_misses": 23407,
    "lru_hit_rate": 0.7256016787217331,
    "lru_hits": 61896,
    "lru_miss_rate": 0.2743983212782669,
    "lru_misses": 23407,
    "lru_reuse_hit_rate": 1.0,
    "lru_reuse_hits": 61896,
    "lru_reuse_miss_rate": 0.0,
    "lru_reuse_misses": 0,
    "reuse_accesses": 61896,
    "total_accesses": 85303
  },
  "trace_path": "results/experiments/headroom_critical_path_full_20260427/near_real__ps32__mem028__belady/traces/belady.jsonl",
  "unique_blocks": 25023,
  "unique_nodes": 405
}