{
  "event_counts": {
    "belady_frontier": 561,
    "cache_budget_enforcement": 4,
    "match_result": 702,
    "node_access": 862,
    "node_created": 518,
    "node_evicted": 560,
    "node_lock": 2084,
    "node_split": 63,
    "request_lookup": 702
  },
  "frontier_belady_diff_rate": 0.6375,
  "frontier_decisions": 560,
  "frontier_same_choice_rate": 0.3625,
  "lookup_summary": {
    "mean_blocks_per_request": 194.97863247863248,
    "mean_tokens_per_request": 6239.316239316239,
    "request_count": 702,
    "requested_blocks": 136875,
    "requested_tokens": 4380000
  },
  "match_summary": {
    "block_hit_rate": 0.6288365296803653,
    "block_miss_rate": 0.3711634703196347,
    "matched_blocks": 86072,
    "matched_tokens": 2754304,
    "missed_blocks": 50803,
    "missed_tokens": 1625696,
    "request_count": 702,
    "token_hit_rate": 0.6288365296803653,
    "token_miss_rate": 0.3711634703196347
  },
  "most_accessed_blocks": [
    [
      -7578617852256129585,
      43
    ],
    [
      7625558590105881722,
      43
    ],
    [
      -4651244935830146108,
      43
    ],
    [
      -3993429340380176667,
      43
    ],
    [
      -2227134433610991770,
      43
    ],
    [
      5364051862584822913,
      43
    ],
    [
      6754229875605797664,
      43
    ],
    [
      7986418573166631639,
      43
    ],
    [
      -1782118377212242102,
      43
    ],
    [
      1439522473589988236,
      43
    ],
    [
      -3221550396776432186,
      43
    ],
    [
      8486720412160880854,
      43
    ],
    [
      8234882679128404196,
      43
    ],
    [
      -3109958614000344591,
      43
    ],
    [
      2248239658488001668,
      43
    ],
    [
      2405221191506174228,
      43
    ],
    [
      -2056827777137643570,
      43
    ],
    [
      -1232654796612077304,
      43
    ],
    [
      2373101460066469185,
      43
    ],
    [
      6179706500093036861,
      43
    ]
  ],
  "most_accessed_nodes": [
    [
      11,
      14
    ],
    [
      437,
      14
    ],
    [
      273,
      13
    ],
    [
      485,
      13
    ],
    [
      51,
      12
    ],
    [
      332,
      12
    ],
    [
      450,
      12
    ],
    [
      20,
      11
    ],
    [
      275,
      11
    ],
    [
      105,
      10
    ],
    [
      448,
      10
    ],
    [
      33,
      9
    ],
    [
      191,
      9
    ],
    [
      280,
      9
    ],
    [
      469,
      9
    ],
    [
      15,
      8
    ],
    [
      57,
      8
    ],
    [
      86,
      8
    ],
    [
      153,
      8
    ],
    [
      89,
      7
    ]
  ],
  "page_cache_simulation": {
    "belady_hit_rate": 0.9271744292237443,
    "belady_hits": 126907,
    "belady_miss_rate": 0.0728255707762557,
    "belady_misses": 9968,
    "belady_reuse_hit_rate": 1.0,
    "belady_reuse_hits": 126907,
    "belady_reuse_miss_rate": 0.0,
    "belady_reuse_misses": 0,
    "capacity_blocks": 16000,
    "compulsory_misses": 9968,
    "lru_hit_rate": 0.9271744292237443,
    "lru_hits": 126907,
    "lru_miss_rate": 0.0728255707762557,
    "lru_misses": 9968,
    "lru_reuse_hit_rate": 1.0,
    "lru_reuse_hits": 126907,
    "lru_reuse_miss_rate": 0.0,
    "lru_reuse_misses": 0,
    "reuse_accesses": 126907,
    "total_accesses": 136875
  },
  "trace_path": "results/experiments/headroom_effective_residency_full_20260427/optimistic__ps32__mem024__belady_bypass/traces/belady.jsonl",
  "unique_blocks": 10142,
  "unique_nodes": 581
}