{
  "rows": [
    {
      "baseline_mem_fraction": 0.2,
      "block_hit_rate": 0.34096971598933,
      "block_miss_rate": 0.65903028401067,
      "compulsory_miss_rate": 0.2543173867695517,
      "compulsory_misses": 27553,
      "matched_blocks": 36941,
      "median_itl_delta_vs_baseline": 0.0,
      "median_itl_ms": 6.479920819401741,
      "median_itl_pct_change_vs_baseline": 0.0,
      "median_ttft_delta_vs_baseline": 0.0,
      "median_ttft_ms": 37604.46626949124,
      "median_ttft_pct_change_vs_baseline": 0.0,
      "mem_fraction": 0.2,
      "missed_blocks": 71400,
      "output_throughput": 627.8295740032469,
      "p99_itl_ms": 44.40537939779456,
      "p99_ttft_ms": 44064.01328006759,
      "page_size": 32,
      "policy": "lru",
      "request_throughput": 2.253061160491634,
      "reuse_miss_gap_to_compulsory": 0.4047128972411183,
      "throughput_delta_vs_baseline": 0.0,
      "throughput_pct_gain_vs_baseline": 0.0,
      "transfer_proxy_bytes": 299473305600,
      "workload": "near_real"
    },
    {
      "baseline_mem_fraction": 0.2,
      "block_hit_rate": 0.3551365373350813,
      "block_miss_rate": 0.6448634626649187,
      "compulsory_miss_rate": 0.2561527804896191,
      "compulsory_misses": 27550,
      "matched_blocks": 38196,
      "median_itl_delta_vs_baseline": 1.3456474989652634,
      "median_itl_ms": 7.825568318367004,
      "median_itl_pct_change_vs_baseline": 20.766418857098014,
      "median_ttft_delta_vs_baseline": -23688.45147592947,
      "median_ttft_ms": 13916.014793561772,
      "median_ttft_pct_change_vs_baseline": -62.993718102969254,
      "mem_fraction": 0.24,
      "missed_blocks": 69357,
      "output_throughput": 1247.9807325964389,
      "p99_itl_ms": 151.6107825562357,
      "p99_ttft_ms": 17609.666046593335,
      "page_size": 32,
      "policy": "lru",
      "request_throughput": 4.478567168676242,
      "reuse_miss_gap_to_compulsory": 0.3887106821752996,
      "throughput_delta_vs_baseline": 620.151158593192,
      "throughput_pct_gain_vs_baseline": 98.77699048786523,
      "transfer_proxy_bytes": 290904342528,
      "workload": "near_real"
    },
    {
      "baseline_mem_fraction": 0.2,
      "block_hit_rate": 0.381835375781151,
      "block_miss_rate": 0.618164624218849,
      "compulsory_miss_rate": 0.26857945073264894,
      "compulsory_misses": 27549,
      "matched_blocks": 39166,
      "median_itl_delta_vs_baseline": 2.370332833379507,
      "median_itl_ms": 8.850253652781248,
      "median_itl_pct_change_vs_baseline": 36.57965736683721,
      "median_ttft_delta_vs_baseline": -28180.84980873391,
      "median_ttft_ms": 9423.61646075733,
      "median_ttft_pct_change_vs_baseline": -74.94016696521292,
      "mem_fraction": 0.28,
      "missed_blocks": 63407,
      "output_throughput": 1463.963552354599,
      "p99_itl_ms": 206.23837475664925,
      "p99_ttft_ms": 11225.514758867212,
      "page_size": 32,
      "policy": "lru",
      "request_throughput": 5.253654107362023,
      "reuse_miss_gap_to_compulsory": 0.34958517348620005,
      "throughput_delta_vs_baseline": 836.1339783513521,
      "throughput_pct_gain_vs_baseline": 133.17849508424527,
      "transfer_proxy_bytes": 265948233728,
      "workload": "near_real"
    },
    {
      "baseline_mem_fraction": 0.2,
      "block_hit_rate": 0.3894559664543817,
      "block_miss_rate": 0.6105440335456183,
      "compulsory_miss_rate": 0.2711702577933519,
      "compulsory_misses": 27549,
      "matched_blocks": 39566,
      "median_itl_delta_vs_baseline": 3.510168055072427,
      "median_itl_ms": 9.990088874474168,
      "median_itl_pct_change_vs_baseline": 54.16992202377718,
      "median_ttft_delta_vs_baseline": -30441.262514796108,
      "median_ttft_ms": 7163.203754695132,
      "median_ttft_pct_change_vs_baseline": -80.95118887378894,
      "mem_fraction": 0.32,
      "missed_blocks": 62027,
      "output_throughput": 1560.5057645517436,
      "p99_itl_ms": 276.87920934520685,
      "p99_ttft_ms": 8577.9583619209,
      "page_size": 32,
      "policy": "lru",
      "request_throughput": 5.600110403236043,
      "reuse_miss_gap_to_compulsory": 0.33937377575226635,
      "throughput_delta_vs_baseline": 932.6761905484967,
      "throughput_pct_gain_vs_baseline": 148.55563184152797,
      "transfer_proxy_bytes": 260160094208,
      "workload": "near_real"
    },
    {
      "baseline_mem_fraction": 0.2,
      "block_hit_rate": 0.4224841341795104,
      "block_miss_rate": 0.5775158658204895,
      "compulsory_miss_rate": 0.06455122393472348,
      "compulsory_misses": 9968,
      "matched_blocks": 65240,
      "median_itl_delta_vs_baseline": 0.0,
      "median_itl_ms": 6.486617727205157,
      "median_itl_pct_change_vs_baseline": 0.0,
      "median_ttft_delta_vs_baseline": 0.0,
      "median_ttft_ms": 15440.9881120082,
      "median_ttft_pct_change_vs_baseline": 0.0,
      "mem_fraction": 0.2,
      "missed_blocks": 89180,
      "output_throughput": 108.57940682169796,
      "p99_itl_ms": 243.35471400991082,
      "p99_ttft_ms": 18772.149192076176,
      "page_size": 32,
      "policy": "lru",
      "request_throughput": 5.30666822190811,
      "reuse_miss_gap_to_compulsory": 0.5129646418857661,
      "throughput_delta_vs_baseline": 0.0,
      "throughput_pct_gain_vs_baseline": 0.0,
      "transfer_proxy_bytes": 374048030720,
      "workload": "optimistic"
    },
    {
      "baseline_mem_fraction": 0.2,
      "block_hit_rate": 0.6157521408357529,
      "block_miss_rate": 0.38424785916424714,
      "compulsory_miss_rate": 0.07326987393877026,
      "compulsory_misses": 9968,
      "matched_blocks": 83770,
      "median_itl_delta_vs_baseline": 2.1065163891762495,
      "median_itl_ms": 8.593134116381407,
      "median_itl_pct_change_vs_baseline": 32.47480393890684,
      "median_ttft_delta_vs_baseline": -7775.292854290456,
      "median_ttft_ms": 7665.6952577177435,
      "median_ttft_pct_change_vs_baseline": -50.35489178470217,
      "mem_fraction": 0.24,
      "missed_blocks": 52275,
      "output_throughput": 171.87632366996743,
      "p99_itl_ms": 1008.4278186783175,
      "p99_ttft_ms": 10633.055658475496,
      "page_size": 32,
      "policy": "lru",
      "request_throughput": 8.400217422587183,
      "reuse_miss_gap_to_compulsory": 0.31097798522547687,
      "throughput_delta_vs_baseline": 63.296916848269476,
      "throughput_pct_gain_vs_baseline": 58.29550805357737,
      "transfer_proxy_bytes": 219257241600,
      "workload": "optimistic"
    },
    {
      "baseline_mem_fraction": 0.2,
      "block_hit_rate": 0.7475336466738318,
      "block_miss_rate": 0.25246635332616824,
      "compulsory_miss_rate": 0.07994995107396653,
      "compulsory_misses": 9968,
      "matched_blocks": 93201,
      "median_itl_delta_vs_baseline": 3.705283161252737,
      "median_itl_ms": 10.191900888457894,
      "median_itl_pct_change_vs_baseline": 57.12195965722812,
      "median_ttft_delta_vs_baseline": -11939.695235574618,
      "median_ttft_ms": 3501.292876433581,
      "median_ttft_pct_change_vs_baseline": -77.32468381534026,
      "mem_fraction": 0.28,
      "missed_blocks": 31477,
      "output_throughput": 249.88574148738144,
      "p99_itl_ms": 1170.6525031942874,
      "p99_ttft_ms": 5062.453989451751,
      "page_size": 32,
      "policy": "lru",
      "request_throughput": 12.212819744324102,
      "reuse_miss_gap_to_compulsory": 0.17251640225220172,
      "throughput_delta_vs_baseline": 141.3063346656835,
      "throughput_pct_gain_vs_baseline": 130.1410081358499,
      "transfer_proxy_bytes": 132024107008,
      "workload": "optimistic"
    },
    {
      "baseline_mem_fraction": 0.2,
      "block_hit_rate": 0.8532399299474606,
      "block_miss_rate": 0.1467600700525394,
      "compulsory_miss_rate": 0.08728546409807356,
      "compulsory_misses": 9968,
      "matched_blocks": 97440,
      "median_itl_delta_vs_baseline": 6.205544341355562,
      "median_itl_ms": 12.69216206856072,