run_name,request_rate,max_concurrency,memory_pressure_prompt_only,memory_pressure_full_request,throughput_lru,throughput_belady,median_ttft_ms_lru,median_ttft_ms_belady,p99_ttft_ms_lru,p99_ttft_ms_belady,median_itl_ms_lru,median_itl_ms_belady,p99_itl_ms_lru,p99_itl_ms_belady,cache_hit_rate_lru_server,cache_hit_rate_belady_server,block_miss_rate_lru,block_miss_rate_belady,transfer_proxy_bytes_lru,transfer_proxy_bytes_belady,frontier_diff_rate_lru_trace,selection_fallback_rate_belady_trace
policy-default__rr-16__mc-64,16,64,3.2413333333333334,3.3266666666666667,647.5330555822557,644.0426095676638,13473.895594477654,13532.972887158394,40959.66950096187,41161.79109066722,0.0,0.0,0.0,0.0,,,0.6895195449594578,0.6895195449594578,215073423360.0,215073423360.0,0.0,
policy-default__rr-16__mc-96,16,96,4.184,4.347833333333333,647.9763086687424,644.3238983798992,20550.543446093798,20687.421943992376,52915.6566683203,53258.13524834811,0.0,0.0,0.0,0.0,,,0.6895195449594578,0.6895195449594578,215073423360.0,215073423360.0,0.0,
policy-default__rr-16__mc-128,16,128,5.040166666666667,5.261083333333334,648.128513050723,644.3668463049985,26399.70302581787,26636.806584894657,54601.96698568759,55042.99628324804,0.0,0.0,0.0,0.0,,,0.6895195449594578,0.6895195449594578,215073423360.0,215073423360.0,0.0,
policy-default__rr-16__mc-192,16,192,6.532583333333333,6.832166666666667,648.1572712687808,644.6982802440972,32517.874877899885,32804.59075421095,57615.49426130949,58055.594334006295,0.0,0.0,0.0,0.0,,,0.6895195449594578,0.6895195449594578,215073423360.0,215073423360.0,0.0,
policy-default__rr-16__mc-256,16,256,7.820166666666666,8.226583333333334,647.43964790887,644.0373079173515,32563.76550346613,32866.49250611663,57706.58135414122,58113.53783011435,0.0,0.0,0.0,0.0,,,0.6916615079444323,0.6895195449594578,217912967168.0,215073423360.0,0.0,
