{
  "event_counts": {
    "belady_frontier": 1721,
    "match_result": 1961,
    "node_access": 1387,
    "node_created": 1743,
    "node_evicted": 1721,
    "node_lock": 2839,
    "node_split": 19,
    "request_lookup": 1961
  },
  "frontier_belady_diff_rate": 0.6031377106333528,
  "frontier_decisions": 1721,
  "frontier_same_choice_rate": 0.3968622893666473,
  "lookup_summary": {
    "mean_blocks_per_request": 272.2988271290158,
    "mean_tokens_per_request": 4356.781234064253,
    "request_count": 1961,
    "requested_blocks": 533978,
    "requested_tokens": 8543648
  },
  "match_summary": {
    "block_hit_rate": 0.5039795647011674,
    "block_miss_rate": 0.49602043529883255,
    "matched_blocks": 269114,
    "matched_tokens": 4305824,
    "missed_blocks": 264864,
    "missed_tokens": 4237824,
    "request_count": 1961,
    "token_hit_rate": 0.5039795647011674,
    "token_miss_rate": 0.49602043529883255
  },
  "most_accessed_blocks": [
    [
      1318949744571739830,
      28
    ],
    [
      -7429477503946600381,
      28
    ],
    [
      -6410591129884979603,
      28
    ],
    [
      -4417223271562906213,
      28
    ],
    [
      -5226717540350525291,
      28
    ],
    [
      -3458873827591271370,
      28
    ],
    [
      6077393789813316667,
      28
    ],
    [
      5257280003227788981,
      28
    ],
    [
      990064128763023435,
      28
    ],
    [
      -2021216830486684043,
      28
    ],
    [
      7391990510676356550,
      28
    ],
    [
      -8938280849365496883,
      28
    ],
    [
      8896973450387852048,
      28
    ],
    [
      7079916537447682664,
      28
    ],
    [
      -9007128123602295069,
      28
    ],
    [
      -8425749573556525787,
      28
    ],
    [
      -2520585194210970566,
      28
    ],
    [
      -9023717777252658115,
      28
    ],
    [
      -1038114365575882914,
      28
    ],
    [
      3986191073888981769,
      28
    ]
  ],
  "most_accessed_nodes": [
    [
      1608,
      6
    ],
    [
      224,
      4
    ],
    [
      527,
      4
    ],
    [
      645,
      4
    ],
    [
      861,
      4
    ],
    [
      1099,
      4
    ],
    [
      1204,
      4
    ],
    [
      1428,
      4
    ],
    [
      1636,
      4
    ],
    [
      2,
      3
    ],
    [
      1087,
      3
    ],
    [
      1183,
      3
    ],
    [
      6,
      2
    ],
    [
      8,
      2
    ],
    [
      11,
      2
    ],
    [
      14,
      2
    ],
    [
      17,
      2
    ],
    [
      19,
      2
    ],
    [
      22,
      2
    ],
    [
      25,
      2
    ]
  ],
  "page_cache_simulation": {
    "belady_hit_rate": 0.6620534928405291,
    "belady_hits": 353522,
    "belady_miss_rate": 0.337946507159471,
    "belady_misses": 180456,
    "belady_reuse_hit_rate": 1.0,
    "belady_reuse_hits": 353522,
    "belady_reuse_miss_rate": 0.0,
    "belady_reuse_misses": 0,
    "capacity_blocks": 16000,
    "compulsory_misses": 180456,
    "lru_hit_rate": 0.63982785807655,
    "lru_hits": 341654,
    "lru_miss_rate": 0.36017214192345004,
    "lru_misses": 192324,
    "lru_reuse_hit_rate": 0.9664292462703877,
    "lru_reuse_hits": 341654,
    "lru_reuse_miss_rate": 0.0335707537296123,
    "lru_reuse_misses": 11868,
    "reuse_accesses": 353522,
    "total_accesses": 533978
  },
  "trace_path": "runs/experiments/adversarial_fcfs_page_size/fcfs_matrix__20260420T183610Z/natural-periodic-refinement-gap__ps-16/traces/belady.jsonl",
  "unique_blocks": 181807,
  "unique_nodes": 1762
}