workload_name,dataset_path,schedule_policy,max_concurrency,request_rate,num_prompts,memory_pressure_full_request,memory_pressure_prompt_only,throughput_lru,throughput_belady,median_ttft_ms_lru,median_ttft_ms_belady,p99_ttft_ms_lru,p99_ttft_ms_belady,median_itl_ms_lru,median_itl_ms_belady,p99_itl_ms_lru,p99_itl_ms_belady,block_hit_rate_lru,block_hit_rate_belady,block_miss_rate_lru,block_miss_rate_belady,server_hit_rate_lru,server_hit_rate_belady,transfer_proxy_bytes_lru,transfer_proxy_bytes_belady
synthetic--natural-saturated--natural-bursty-return-hbm,data/synthetic/natural_saturated/natural_bursty_return_hbm.jsonl,fcfs,96,inf,320,1.344,1.248,821.0076512945236,853.8216255980188,943.9259355422109,829.4230522587895,2953.48311454989,2891.8749693594873,10.190377943217754,10.399095946922898,532.7008462511002,550.1382845034824,0.9338302630177829,0.933348111494072,0.06616973698221702,0.06665188850592794,,,19547553792.0,19547553792.0
synthetic--natural-saturated--natural-bursty-return-hbm,data/synthetic/natural_saturated/natural_bursty_return_hbm.jsonl,fcfs,128,inf,320,1.792,1.664,812.5640711237289,853.2633744200208,1668.0853981524706,1423.9061623811722,3012.4125238973647,3215.905831088312,10.84369607269764,10.381808737292886,564.9013045616447,475.951238037087,0.9340345115581161,0.9339531719485231,0.06596548844188384,0.06604682805147684,,,19545456640.0,19545456640.0
synthetic--natural-saturated--natural-bursty-return-hbm,data/synthetic/natural_saturated/natural_bursty_return_hbm.jsonl,prefix-coverage,96,inf,320,1.344,1.248,536.3553127657159,518.9939977638817,1023.0911280959845,1088.5592850390822,5486.969259055331,5582.176840156317,10.831338819116354,9.994421154260635,1201.1981300731757,1168.9700596589876,0.3052890671092853,0.4760598101067014,0.6947109328907147,0.5239401898932986,,,2671884894208.0,2116286414848.0
