{
  "event_counts": {
    "match_result": 36,
    "node_access": 26,
    "node_created": 32,
    "node_lock": 56,
    "node_split": 2,
    "request_lookup": 36
  },
  "frontier_belady_diff_rate": 0.0,
  "frontier_decisions": 0,
  "frontier_same_choice_rate": 0.0,
  "lookup_summary": {
    "mean_blocks_per_request": 139.08333333333334,
    "mean_tokens_per_request": 4450.666666666667,
    "request_count": 36,
    "requested_blocks": 5007,
    "requested_tokens": 160224
  },
  "match_summary": {
    "block_hit_rate": 0.6025564210105852,
    "block_miss_rate": 0.3974435789894148,
    "matched_blocks": 3017,
    "matched_tokens": 96544,
    "missed_blocks": 1990,
    "missed_tokens": 63680,
    "request_count": 36,
    "token_hit_rate": 0.6025564210105852,
    "token_miss_rate": 0.3974435789894148
  },
  "most_accessed_blocks": [
    [
      -3619060667456152189,
      6
    ],
    [
      -2925137467156744090,
      6
    ],
    [
      3519712371462696419,
      6
    ],
    [
      4950304959862377488,
      6
    ],
    [
      -2943485850205522398,
      6
    ],
    [
      -6825736995701283835,
      6
    ],
    [
      2059885870603558545,
      6
    ],
    [
      -211088816779009688,
      6
    ],
    [
      7216832899845994796,
      6
    ],
    [
      9219505412617323262,
      6
    ],
    [
      8475106389885431024,
      6
    ],
    [
      -4759350196117885223,
      6
    ],
    [
      6526299155310141790,
      6
    ],
    [
      -3969296515225037650,
      6
    ],
    [
      -2433632275904380207,
      6
    ],
    [
      5447584756555169839,
      6
    ],
    [
      -344750198397395518,
      6
    ],
    [
      4217751187859174789,
      6
    ],
    [
      -5184797546954757463,
      6
    ],
    [
      -6568050863113443514,
      6
    ]
  ],
  "most_accessed_nodes": [
    [
      2,
      3
    ],
    [
      9,
      2
    ],
    [
      10,
      2
    ],
    [
      23,
      2
    ],
    [
      33,
      2
    ],
    [
      4,
      1
    ],
    [
      6,
      1
    ],
    [
      7,
      1
    ],
    [
      8,
      1
    ],
    [
      11,
      1
    ],
    [
      12,
      1
    ],
    [
      13,
      1
    ],
    [
      14,
      1
    ],
    [
      15,
      1
    ],
    [
      21,
      1
    ],
    [
      22,
      1
    ],
    [
      24,
      1
    ],
    [
      25,
      1
    ],
    [
      32,
      1
    ],
    [
      34,
      1
    ]
  ],
  "page_cache_simulation": {
    "belady_hit_rate": 0.6023567006191333,
    "belady_hits": 3016,
    "belady_miss_rate": 0.3976432993808668,
    "belady_misses": 1991,
    "belady_reuse_hit_rate": 1.0,
    "belady_reuse_hits": 3016,
    "belady_reuse_miss_rate": 0.0,
    "belady_reuse_misses": 0,
    "capacity_blocks": 16000,
    "compulsory_misses": 1991,
    "lru_hit_rate": 0.6023567006191333,
    "lru_hits": 3016,
    "lru_miss_rate": 0.3976432993808668,
    "lru_misses": 1991,
    "lru_reuse_hit_rate": 1.0,
    "lru_reuse_hits": 3016,
    "lru_reuse_miss_rate": 0.0,
    "lru_reuse_misses": 0,
    "reuse_accesses": 3016,
    "total_accesses": 5007
  },
  "trace_path": "results/experiments/headroom_critical_path_pilot/optimistic__ps32__mem024__belady/traces/belady.jsonl",
  "unique_blocks": 2005,
  "unique_nodes": 34
}