{
  "event_counts": {
    "belady_frontier": 242,
    "match_result": 409,
    "node_access": 392,
    "node_created": 390,
    "node_evicted": 242,
    "node_lock": 937,
    "node_split": 12,
    "request_lookup": 409
  },
  "frontier_belady_diff_rate": 0.987603305785124,
  "frontier_decisions": 242,
  "frontier_same_choice_rate": 0.012396694214876033,
  "lookup_summary": {
    "mean_blocks_per_request": 137.64547677261615,
    "mean_tokens_per_request": 4404.655256723717,
    "request_count": 409,
    "requested_blocks": 56297,
    "requested_tokens": 1801504
  },
  "match_summary": {
    "block_hit_rate": 0.656376005826243,
    "block_miss_rate": 0.34362399417375705,
    "matched_blocks": 36952,
    "matched_tokens": 1182464,
    "missed_blocks": 19345,
    "missed_tokens": 619040,
    "request_count": 409,
    "token_hit_rate": 0.656376005826243,
    "token_miss_rate": 0.34362399417375705
  },
  "most_accessed_blocks": [
    [
      -6219423934077242297,
      19
    ],
    [
      2108118626540954961,
      19
    ],
    [
      -2142939237757151883,
      19
    ],
    [
      5714508077380548727,
      19
    ],
    [
      8746595333958201713,
      19
    ],
    [
      -7168559561992803995,
      19
    ],
    [
      90245501939282078,
      19
    ],
    [
      2159388482170568435,
      19
    ],
    [
      -3490841498606361285,
      19
    ],
    [
      -944826984222439919,
      19
    ],
    [
      -5388996634328206065,
      19
    ],
    [
      -6830152123576708063,
      19
    ],
    [
      3101458952009122592,
      19
    ],
    [
      -3376457701678788070,
      19
    ],
    [
      376009639337704620,
      19
    ],
    [
      8038921461368034767,
      19
    ],
    [
      -1918267533251315928,
      19
    ],
    [
      7987389513046346277,
      19
    ],
    [
      7520186151742336753,
      19
    ],
    [
      -8974560694964723126,
      19
    ]
  ],
  "most_accessed_nodes": [
    [
      12,
      18
    ],
    [
      22,
      16
    ],
    [
      89,
      14
    ],
    [
      26,
      12
    ],
    [
      98,
      12
    ],
    [
      139,
      12
    ],
    [
      63,
      11
    ],
    [
      9,
      10
    ],
    [
      254,
      10
    ],
    [
      65,
      9
    ],
    [
      123,
      9
    ],
    [
      245,
      8
    ],
    [
      126,
      7
    ],
    [
      205,
      6
    ],
    [
      381,
      4
    ],
    [
      2,
      3
    ],
    [
      6,
      2
    ],
    [
      8,
      2
    ],
    [
      16,
      2
    ],
    [
      19,
      2
    ]
  ],
  "page_cache_simulation": {
    "belady_hit_rate": 0.6652752366911203,
    "belady_hits": 37453,
    "belady_miss_rate": 0.3347247633088797,
    "belady_misses": 18844,
    "belady_reuse_hit_rate": 1.0,
    "belady_reuse_hits": 37453,
    "belady_reuse_miss_rate": 0.0,
    "belady_reuse_misses": 0,
    "capacity_blocks": 24000,
    "compulsory_misses": 18844,
    "lru_hit_rate": 0.6652752366911203,
    "lru_hits": 37453,
    "lru_miss_rate": 0.3347247633088797,
    "lru_misses": 18844,
    "lru_reuse_hit_rate": 1.0,
    "lru_reuse_hits": 37453,
    "lru_reuse_miss_rate": 0.0,
    "lru_reuse_misses": 0,
    "reuse_accesses": 37453,
    "total_accesses": 56297
  },
  "trace_path": "results/experiments/headroom_critical_path_full_20260427/optimistic__ps32__mem036__belady/traces/belady.jsonl",
  "unique_blocks": 19019,
  "unique_nodes": 402
}