{
  "event_counts": {
    "belady_frontier": 470,
    "match_result": 637,
    "node_access": 1012,
    "node_created": 496,
    "node_evicted": 470,
    "node_lock": 2583,
    "node_split": 55,
    "request_lookup": 637
  },
  "frontier_belady_diff_rate": 0.7510638297872341,
  "frontier_decisions": 470,
  "frontier_same_choice_rate": 0.24893617021276596,
  "lookup_summary": {
    "mean_blocks_per_request": 199.92778649921507,
    "mean_tokens_per_request": 6397.689167974882,
    "request_count": 637,
    "requested_blocks": 127354,
    "requested_tokens": 4075328
  },
  "match_summary": {
    "block_hit_rate": 0.7428820453224869,
    "block_miss_rate": 0.2571179546775131,
    "matched_blocks": 94609,
    "matched_tokens": 3027488,
    "missed_blocks": 32745,
    "missed_tokens": 1047840,
    "request_count": 637,
    "token_hit_rate": 0.7428820453224869,
    "token_miss_rate": 0.2571179546775131
  },
  "most_accessed_blocks": [
    [
      8766249672013165855,
      35
    ],
    [
      -6552454621739237089,
      35
    ],
    [
      8465170457785348920,
      35
    ],
    [
      -7494984702249935707,
      35
    ],
    [
      6404468174392092208,
      35
    ],
    [
      1514465988155373477,
      35
    ],
    [
      -2631156768949078950,
      35
    ],
    [
      -1312601858977229942,
      35
    ],
    [
      7790630995102832820,
      35
    ],
    [
      -284961804476734164,
      35
    ],
    [
      4367214724259553567,
      35
    ],
    [
      36737723505760195,
      35
    ],
    [
      -2732098046057407950,
      35
    ],
    [
      917386846177115444,
      35
    ],
    [
      4847748625455720211,
      35
    ],
    [
      36191862804682538,
      35
    ],
    [
      -3232606143306702778,
      35
    ],
    [
      6768330104657555336,
      35
    ],
    [
      424834702441730527,
      35
    ],
    [
      -454404838069706842,
      35
    ]
  ],
  "most_accessed_nodes": [
    [
      25,
      31
    ],
    [
      28,
      30
    ],
    [
      15,
      23
    ],
    [
      37,
      21
    ],
    [
      305,
      21
    ],
    [
      127,
      20
    ],
    [
      308,
      19
    ],
    [
      160,
      18
    ],
    [
      22,
      17
    ],
    [
      27,
      17
    ],
    [
      312,
      17
    ],
    [
      11,
      15
    ],
    [
      32,
      14
    ],
    [
      448,
      14
    ],
    [
      36,
      13
    ],
    [
      299,
      13
    ],
    [
      413,
      13
    ],
    [
      20,
      12
    ],
    [
      46,
      12
    ],
    [
      182,
      12
    ]
  ],
  "page_cache_simulation": {
    "belady_hit_rate": 0.9217299809978485,
    "belady_hits": 117386,
    "belady_miss_rate": 0.07827001900215148,
    "belady_misses": 9968,
    "belady_reuse_hit_rate": 1.0,
    "belady_reuse_hits": 117386,
    "belady_reuse_miss_rate": 0.0,
    "belady_reuse_misses": 0,
    "capacity_blocks": 18666,
    "compulsory_misses": 9968,
    "lru_hit_rate": 0.9217299809978485,
    "lru_hits": 117386,
    "lru_miss_rate": 0.07827001900215148,
    "lru_misses": 9968,
    "lru_reuse_hit_rate": 1.0,
    "lru_reuse_hits": 117386,
    "lru_reuse_miss_rate": 0.0,
    "lru_reuse_misses": 0,
    "reuse_accesses": 117386,
    "total_accesses": 127354
  },
  "trace_path": "results/experiments/headroom_effective_residency_full_20260427/optimistic__ps32__mem028__belady/traces/belady.jsonl",
  "unique_blocks": 10142,
  "unique_nodes": 551
}