{
  "serving_metrics": {
    "request_throughput": {
      "lru": 56.14101000149562,
      "belady": 58.588325459882
    },
    "output_throughput": {
      "lru": 863.1680287729952,
      "belady": 900.7955039456858
    },
    "median_ttft_ms": {
      "lru": 1321.5035530738533,
      "belady": 1332.1591215208173
    },
    "p99_ttft_ms": {
      "lru": 3048.404875774868,
      "belady": 2937.844910235144
    },
    "median_itl_ms": {
      "lru": 9.996969252824783,
      "belady": 9.587563807144761
    },
    "p99_itl_ms": {
      "lru": 366.4698394015432,
      "belady": 367.16135030146785
    },
    "median_e2e_latency_ms": {
      "lru": 1855.616175569594,
      "belady": 1754.3882303871214
    },
    "p99_e2e_latency_ms": {
      "lru": 3474.323673527688,
      "belady": 3194.561901963316
    }
  },
  "cache_metrics": {
    "hbm_hit_count_lru": 131679,
    "hbm_miss_count_lru": 9321,
    "hbm_hit_rate_lru": 0.9338936170212766,
    "hbm_miss_rate_lru": 0.0661063829787234,
    "hbm_hit_count_belady": 131899,
    "hbm_miss_count_belady": 9321,
    "hbm_hit_rate_belady": 0.9339966010480102,
    "hbm_miss_rate_belady": 0.0660033989519898,
    "lru_trace_summary": {
      "trace_path": "results/remote_sync/fcfs_static_prefix/natural-bursty-return-hbm/mc-128__20260419T174828Z/traces/lru.jsonl",
      "lookup_summary": {
        "request_count": 674
      },
      "page_cache_simulation": {
        "capacity_blocks": 16000,
        "total_accesses": 141000,
        "lru_hits": 131679,
        "lru_misses": 9321,
        "lru_hit_rate": 0.9338936170212766,
        "lru_miss_rate": 0.0661063829787234,
        "compulsory_misses": 9321,
        "reuse_accesses": 131679,
        "lru_reuse_hits": 131679,
        "lru_reuse_misses": 0
      }
    },
    "belady_trace_summary": {
      "trace_path": "results/remote_sync/fcfs_static_prefix/natural-bursty-return-hbm/mc-128__20260419T174828Z/traces/belady.jsonl",
      "lookup_summary": {
        "request_count": 674
      },
      "page_cache_simulation": {
        "capacity_blocks": 16000,
        "total_accesses": 141220,
        "belady_hits": 131899,
        "belady_misses": 9321,
        "belady_hit_rate": 0.9339966010480102,
        "belady_miss_rate": 0.0660033989519898,
        "compulsory_misses": 9321,
        "reuse_accesses": 131899,
        "belady_reuse_hits": 131899,
        "belady_reuse_misses": 0
      }
    }
  },
  "transfer_proxy_bytes": {
    "lru": 19547553792,
    "belady": 19547553792,
    "delta": 0,
    "pct_delta": 0.0
  }
}