{
  "event_counts": {
    "match_result": 36,
    "node_access": 22,
    "node_created": 33,
    "node_lock": 47,
    "request_lookup": 36
  },
  "frontier_belady_diff_rate": 0.0,
  "frontier_decisions": 0,
  "frontier_same_choice_rate": 0.0,
  "lookup_summary": {
    "mean_blocks_per_request": 124.05555555555556,
    "mean_tokens_per_request": 3969.777777777778,
    "request_count": 36,
    "requested_blocks": 4466,
    "requested_tokens": 142912
  },
  "match_summary": {
    "block_hit_rate": 0.5705329153605015,
    "block_miss_rate": 0.42946708463949845,
    "matched_blocks": 2548,
    "matched_tokens": 81536,
    "missed_blocks": 1918,
    "missed_tokens": 61376,
    "request_count": 36,
    "token_hit_rate": 0.5705329153605015,
    "token_miss_rate": 0.42946708463949845
  },
  "most_accessed_blocks": [
    [
      -5849549067620775128,
      6
    ],
    [
      3003874149108747500,
      6
    ],
    [
      -2510861644557378540,
      6
    ],
    [
      1002837021899819620,
      6
    ],
    [
      7919513799519886226,
      6
    ],
    [
      -8245197715606902671,
      6
    ],
    [
      7391554220394604590,
      6
    ],
    [
      -5246587677122829139,
      6
    ],
    [
      1950220339754384810,
      6
    ],
    [
      3226450185056543467,
      6
    ],
    [
      3579695183584764871,
      6
    ],
    [
      3375500449909432285,
      6
    ],
    [
      -213836654447699010,
      6
    ],
    [
      -7300901304593958187,
      6
    ],
    [
      7184387464416098244,
      6
    ],
    [
      3189354746744280822,
      6
    ],
    [
      3024018823871886287,
      6
    ],
    [
      -7013576060518575352,
      6
    ],
    [
      -6356612660657567519,
      6
    ],
    [
      -7013266438019531659,
      6
    ]
  ],
  "most_accessed_nodes": [
    [
      2,
      5
    ],
    [
      5,
      2
    ],
    [
      7,
      2
    ],
    [
      4,
      1
    ],
    [
      6,
      1
    ],
    [
      8,
      1
    ],
    [
      9,
      1
    ],
    [
      10,
      1
    ],
    [
      12,
      1
    ],
    [
      14,
      1
    ],
    [
      16,
      1
    ],
    [
      18,
      1
    ],
    [
      20,
      1
    ],
    [
      22,
      1
    ],
    [
      24,
      1
    ],
    [
      26,
      1
    ]
  ],
  "page_cache_simulation": {
    "belady_hit_rate": 0.5703090013434841,
    "belady_hits": 2547,
    "belady_miss_rate": 0.4296909986565159,
    "belady_misses": 1919,
    "belady_reuse_hit_rate": 1.0,
    "belady_reuse_hits": 2547,
    "belady_reuse_miss_rate": 0.0,
    "belady_reuse_misses": 0,
    "capacity_blocks": 16000,
    "compulsory_misses": 1919,
    "lru_hit_rate": 0.5703090013434841,
    "lru_hits": 2547,
    "lru_miss_rate": 0.4296909986565159,
    "lru_misses": 1919,
    "lru_reuse_hit_rate": 1.0,
    "lru_reuse_hits": 2547,
    "lru_reuse_miss_rate": 0.0,
    "lru_reuse_misses": 0,
    "reuse_accesses": 2547,
    "total_accesses": 4466
  },
  "trace_path": "results/experiments/headroom_critical_path_pilot/near_real__ps32__mem024__belady_bypass/traces/lru.jsonl",
  "unique_blocks": 2074,
  "unique_nodes": 33
}