{
  "event_counts": {
    "eviction_frontier": 553,
    "match_result": 704,
    "node_access": 853,
    "node_created": 522,
    "node_evicted": 553,
    "node_lock": 2086,
    "node_split": 68,
    "request_lookup": 704
  },
  "frontier_belady_diff_rate": 0.0,
  "frontier_decisions": 553,
  "frontier_same_choice_rate": 1.0,
  "lookup_summary": {
    "mean_blocks_per_request": 193.5340909090909,
    "mean_tokens_per_request": 6193.090909090909,
    "request_count": 704,
    "requested_blocks": 136248,
    "requested_tokens": 4359936
  },
  "match_summary": {
    "block_hit_rate": 0.6125521108566732,
    "block_miss_rate": 0.3874478891433269,
    "matched_blocks": 83459,
    "matched_tokens": 2670688,
    "missed_blocks": 52789,
    "missed_tokens": 1689248,
    "request_count": 704,
    "token_hit_rate": 0.6125521108566732,
    "token_miss_rate": 0.3874478891433269
  },
  "most_accessed_blocks": [
    [
      -7578617852256129585,
      43
    ],
    [
      7625558590105881722,
      43
    ],
    [
      -4651244935830146108,
      43
    ],
    [
      -3993429340380176667,
      43
    ],
    [
      -2227134433610991770,
      43
    ],
    [
      5364051862584822913,
      43
    ],
    [
      6754229875605797664,
      43
    ],
    [
      7986418573166631639,
      43
    ],
    [
      -1782118377212242102,
      43
    ],
    [
      1439522473589988236,
      43
    ],
    [
      -3221550396776432186,
      43
    ],
    [
      8486720412160880854,
      43
    ],
    [
      8234882679128404196,
      43
    ],
    [
      -3109958614000344591,
      43
    ],
    [
      2248239658488001668,
      43
    ],
    [
      2405221191506174228,
      43
    ],
    [
      -2056827777137643570,
      43
    ],
    [
      -1232654796612077304,
      43
    ],
    [
      2373101460066469185,
      43
    ],
    [
      6179706500093036861,
      43
    ]
  ],
  "most_accessed_nodes": [
    [
      11,
      15
    ],
    [
      443,
      14
    ],
    [
      52,
      13
    ],
    [
      325,
      13
    ],
    [
      20,
      12
    ],
    [
      456,
      12
    ],
    [
      194,
      11
    ],
    [
      272,
      11
    ],
    [
      328,
      11
    ],
    [
      454,
      10
    ],
    [
      475,
      10
    ],
    [
      57,
      9
    ],
    [
      107,
      9
    ],
    [
      196,
      9
    ],
    [
      331,
      9
    ],
    [
      277,
      8
    ],
    [
      205,
      7
    ],
    [
      280,
      7
    ],
    [
      396,
      7
    ],
    [
      491,
      7
    ]
  ],
  "page_cache_simulation": {
    "belady_hit_rate": 0.9268392930538429,
    "belady_hits": 126280,
    "belady_miss_rate": 0.073160706946157,
    "belady_misses": 9968,
    "belady_reuse_hit_rate": 1.0,
    "belady_reuse_hits": 126280,
    "belady_reuse_miss_rate": 0.0,
    "belady_reuse_misses": 0,
    "capacity_blocks": 16000,
    "compulsory_misses": 9968,
    "lru_hit_rate": 0.9268392930538429,
    "lru_hits": 126280,
    "lru_miss_rate": 0.073160706946157,
    "lru_misses": 9968,
    "lru_reuse_hit_rate": 1.0,
    "lru_reuse_hits": 126280,
    "lru_reuse_miss_rate": 0.0,
    "lru_reuse_misses": 0,
    "reuse_accesses": 126280,
    "total_accesses": 136248
  },
  "trace_path": "results/experiments/headroom_effective_residency_full_20260427/optimistic__ps32__mem024__belady_bypass/traces/lru.jsonl",
  "unique_blocks": 10142,
  "unique_nodes": 590
}