{
  "event_counts": {
    "belady_frontier": 1074,
    "match_result": 1613,
    "node_access": 1917,
    "node_created": 956,
    "node_evicted": 1074,
    "node_lock": 4777,
    "node_split": 159,
    "request_lookup": 1613
  },
  "frontier_belady_diff_rate": 0.5810055865921788,
  "frontier_decisions": 1074,
  "frontier_same_choice_rate": 0.41899441340782123,
  "lookup_summary": {
    "mean_blocks_per_request": 70.05951642901427,
    "mean_tokens_per_request": 4483.809051456913,
    "request_count": 1613,
    "requested_blocks": 113006,
    "requested_tokens": 7232384
  },
  "match_summary": {
    "block_hit_rate": 0.6595578995805532,
    "block_miss_rate": 0.3404421004194468,
    "matched_blocks": 74534,
    "matched_tokens": 4770176,
    "missed_blocks": 38472,
    "missed_tokens": 2462208,
    "request_count": 1613,
    "token_hit_rate": 0.6595578995805532,
    "token_miss_rate": 0.3404421004194468
  },
  "most_accessed_blocks": [
    [
      -2010912518880770751,
      66
    ],
    [
      -2559771891043479043,
      66
    ],
    [
      261755300668017243,
      66
    ],
    [
      7089466004464493247,
      66
    ],
    [
      -5220436708376363725,
      66
    ],
    [
      -2446563284765665395,
      66
    ],
    [
      -5278400479703220481,
      66
    ],
    [
      -551262738351386442,
      66
    ],
    [
      -7148801386605776995,
      66
    ],
    [
      4036351482434777544,
      66
    ],
    [
      7311239989194656626,
      66
    ],
    [
      1593419483553108992,
      66
    ],
    [
      -7385295511332011877,
      66
    ],
    [
      4284100613886127963,
      66
    ],
    [
      -2330897690909331403,
      66
    ],
    [
      -1234714642542166015,
      66
    ],
    [
      3537169852929334373,
      66
    ],
    [
      -3001370170469196858,
      66
    ],
    [
      7449654241335056715,
      66
    ],
    [
      1615575976871577036,
      66
    ]
  ],
  "most_accessed_nodes": [
    [
      702,
      23
    ],
    [
      714,
      20
    ],
    [
      337,
      19
    ],
    [
      401,
      18
    ],
    [
      356,
      17
    ],
    [
      428,
      16
    ],
    [
      59,
      15
    ],
    [
      579,
      14
    ],
    [
      77,
      13
    ],
    [
      769,
      13
    ],
    [
      976,
      13
    ],
    [
      198,
      12
    ],
    [
      596,
      12
    ],
    [
      614,
      12
    ],
    [
      833,
      12
    ],
    [
      66,
      11
    ],
    [
      90,
      11
    ],
    [
      273,
      11
    ],
    [
      203,
      10
    ],
    [
      209,
      10
    ]
  ],
  "page_cache_simulation": {
    "belady_hit_rate": 0.9324549138983771,
    "belady_hits": 105373,
    "belady_miss_rate": 0.06754508610162292,
    "belady_misses": 7633,
    "belady_reuse_hit_rate": 1.0,
    "belady_reuse_hits": 105373,
    "belady_reuse_miss_rate": 0.0,
    "belady_reuse_misses": 0,
    "capacity_blocks": 16000,
    "compulsory_misses": 7633,
    "lru_hit_rate": 0.9324549138983771,
    "lru_hits": 105373,
    "lru_miss_rate": 0.06754508610162292,
    "lru_misses": 7633,
    "lru_reuse_hit_rate": 1.0,
    "lru_reuse_hits": 105373,
    "lru_reuse_miss_rate": 0.0,
    "lru_reuse_misses": 0,
    "reuse_accesses": 105373,
    "total_accesses": 113006
  },
  "trace_path": "runs/experiments/adversarial_fcfs_page_size/fcfs_matrix__20260420T183610Z/natural-tenant-rotation-gap__ps-64/traces/belady.jsonl",
  "unique_blocks": 7808,
  "unique_nodes": 1115
}