{
  "baseline_rows": [
    {
      "block_hit_rate": 0.5412192040429564,
      "block_miss_rate": 0.4587807959570436,
      "compulsory_misses": 2906,
      "median_itl_ms": 9.872556664049625,
      "median_ttft_ms": 286.23121068812907,
      "output_throughput": 632.8051407806638,
      "p99_itl_ms": 110.01421542838216,
      "p99_ttft_ms": 639.1194610483944,
      "page_size": 32,
      "policy": "lru",
      "request_throughput": 2.4460176161597573,
      "transfer_proxy_bytes": 12184453120,
      "workload": "near_real"
    },
    {
      "block_hit_rate": 0.5412192040429564,
      "block_miss_rate": 0.4587807959570436,
      "compulsory_misses": 2906,
      "median_itl_ms": 9.50265396386385,
      "median_ttft_ms": 285.86315899156034,
      "output_throughput": 669.4893693354214,
      "p99_itl_ms": 120.53959658369422,
      "p99_ttft_ms": 647.5522692175582,
      "page_size": 32,
      "policy": "opt",
      "request_throughput": 2.587815246263507,
      "transfer_proxy_bytes": 12184453120,
      "workload": "near_real"
    },
    {
      "block_hit_rate": 0.5679190751445087,
      "block_miss_rate": 0.4320809248554913,
      "compulsory_misses": 3289,
      "median_itl_ms": 10.45286818407476,
      "median_ttft_ms": 511.83290081098676,
      "output_throughput": 195.25227467709584,
      "p99_itl_ms": 833.1115827942325,
      "p99_ttft_ms": 769.5942366169766,
      "page_size": 32,
      "policy": "lru",
      "request_throughput": 7.607231480925813,
      "transfer_proxy_bytes": 13795065856,
      "workload": "optimistic"
    },
    {
      "block_hit_rate": 0.5679190751445087,
      "block_miss_rate": 0.4320809248554913,
      "compulsory_misses": 3289,
      "median_itl_ms": 9.650996653363109,
      "median_ttft_ms": 484.2375121079385,
      "output_throughput": 198.2344962162389,
      "p99_itl_ms": 817.1022035973205,
      "p99_ttft_ms": 768.0790399573743,
      "page_size": 32,
      "policy": "opt",
      "request_throughput": 7.7234219305028144,
      "transfer_proxy_bytes": 13795065856,
      "workload": "optimistic"
    }
  ],
  "best_rows": [
    {
      "block_hit_rate": 0.5363128491620112,
      "block_miss_rate": 0.46368715083798884,
      "cache_fraction": 0.6,
      "compulsory_misses": 2906,
      "median_itl_ms": 9.405367076396942,
      "median_ttft_ms": 268.3171429671347,
      "output_throughput": 678.9445990928757,
      "p99_itl_ms": 121.64114197716117,
      "p99_ttft_ms": 577.0820218278094,
      "page_size": 32,
      "policy": "best_opt_bypass",
      "request_throughput": 2.624363082336772,
      "transfer_proxy_bytes": 12184453120,
      "workload": "near_real"
    },
    {
      "block_hit_rate": 0.5412192040429564,
      "block_miss_rate": 0.4587807959570436,
      "compulsory_misses": 2906,
      "median_itl_ms": 9.872556664049625,
      "median_ttft_ms": 286.23121068812907,
      "output_throughput": 632.8051407806638,
      "p99_itl_ms": 110.01421542838216,
      "p99_ttft_ms": 639.1194610483944,
      "page_size": 32,
      "policy": "lru",
      "request_throughput": 2.4460176161597573,
      "transfer_proxy_bytes": 12184453120,
      "workload": "near_real"
    },
    {
      "block_hit_rate": 0.5412192040429564,
      "block_miss_rate": 0.4587807959570436,
      "compulsory_misses": 2906,
      "median_itl_ms": 9.50265396386385,
      "median_ttft_ms": 285.86315899156034,
      "output_throughput": 669.4893693354214,
      "p99_itl_ms": 120.53959658369422,
      "p99_ttft_ms": 647.5522692175582,
      "page_size": 32,
      "policy": "opt",
      "request_throughput": 2.587815246263507,
      "transfer_proxy_bytes": 12184453120,
      "workload": "near_real"
    },
    {
      "block_hit_rate": 0.5679190751445087,
      "block_miss_rate": 0.4320809248554913,
      "cache_fraction": 0.6,
      "compulsory_misses": 3289,
      "median_itl_ms": 10.147603461518884,
      "median_ttft_ms": 493.6998435296118,
      "output_throughput": 192.98454805718154,
      "p99_itl_ms": 815.4885521903692,
      "p99_ttft_ms": 765.5941907363012,
      "page_size": 32,
      "policy": "best_opt_bypass",
      "request_throughput": 7.518878495734346,
      "transfer_proxy_bytes": 13795065856,
      "workload": "optimistic"
    },
    {
      "block_hit_rate": 0.5679190751445087,
      "block_miss_rate": 0.4320809248554913,
      "compulsory_misses": 3289,
      "median_itl_ms": 10.45286818407476,
      "median_ttft_ms": 511.83290081098676,
      "output_throughput": 195.25227467709584,
      "p99_itl_ms": 833.1115827942325,
      "p99_ttft_ms": 769.5942366169766,
      "page_size": 32,
      "policy": "lru",
      "request_throughput": 7.607231480925813,
      "transfer_proxy_bytes": 13795065856,
      "workload": "optimistic"
    },
    {
      "block_hit_rate": 0.5679190751445087,
      "block_miss_rate": 0.4320809248554913,
      "compulsory_misses": 3289,
      "median_itl_ms": 9.650996653363109,
      "median_ttft_ms": 484.2375121079385,
      "output_throughput": 198.2344962162389,
      "p99_itl_ms": 817.1022035973205,
      "p99_ttft_ms": 768.0790399573743,
      "page_size": 32,
      "policy": "opt",
      "request_throughput": 7.7234219305028144,
      "transfer_proxy_bytes": 13795065856,
      "workload": "optimistic"
    }
  ],
  "bypass_sweep_rows": [
    {
      "block_hit_rate": 0.5363128491620112,
      "block_miss_rate": 0.46368715083798884,
      "cache_fraction": 0.6,
      "compulsory_misses": 2906,
      "median_itl_ms": 9.405367076396942,
      "median_ttft_ms": 268.3171429671347,
      "output_throughput": 678.9445990928757,
      "p99_itl_ms": 121.64114197716117,
      "p99_ttft_ms": 577.0820218278094,
      "page_size": 32,
      "policy": "opt_bypass",
      "request_throughput": 2.624363082336772,
      "transfer_proxy_bytes": 12184453120,
      "workload": "near_real"
    },
    {
      "block_hit_rate": 0.5679190751445087,
      "block_miss_rate": 0.4320809248554913,
      "cache_fraction": 0.6,
      "compulsory_misses": 3289,
      "median_itl_ms": 10.147603461518884,
      "median_ttft_ms": 493.6998435296118,
      "output_throughput": 192.98454805718154,
      "p99_itl_ms": 815.4885521903692,
      "p99_ttft_ms": 765.5941907363012,
      "page_size": 32,
      "policy": "opt_bypass",
      "request_throughput": 7.518878495734346,
      "transfer_proxy_bytes": 13795065856,
      "workload": "optimistic"
    }
  ]
}