{
  "rows": [
    {
      "corr_missed_blocks_vs_ttft": 0.09021748564939683,
      "corr_missed_tokens_vs_ttft": 0.09021748564939683,
      "critical_path_miss_rate": 0.6383990185554362,
      "mean_missed_blocks_per_request": 86.72916666666667,
      "mean_missed_tokens_per_request": 2775.3333333333335,
      "mean_ttft_ms": 17561.478643920662,
      "median_itl_ms": 6.470462307333946,
      "median_ttft_ms": 21147.422649199143,
      "mem_fraction": 0.2,
      "output_throughput": 547.4326076744967,
      "p99_itl_ms": 36.06127375737057,
      "p99_ttft_ms": 25414.634416815825,
      "page_size": 32,
      "policy": "lru",
      "workload": "near_real"
    },
    {
      "corr_missed_blocks_vs_ttft": 0.08154468635013915,
      "corr_missed_tokens_vs_ttft": 0.08154468635013915,
      "critical_path_miss_rate": 0.6430045082906701,
      "mean_missed_blocks_per_request": 87.65625,
      "mean_missed_tokens_per_request": 2805.0,
      "mean_ttft_ms": 17543.6462914804,
      "median_itl_ms": 6.472074892371893,
      "median_ttft_ms": 21093.164039077237,
      "mem_fraction": 0.2,
      "output_throughput": 547.8031136288134,
      "p99_itl_ms": 43.88778931461272,
      "p99_ttft_ms": 25417.732285978276,
      "page_size": 32,
      "policy": "opt",
      "workload": "near_real"
    },
    {
      "corr_missed_blocks_vs_ttft": 0.09057514553848181,
      "corr_missed_tokens_vs_ttft": 0.09057514553848181,
      "critical_path_miss_rate": 0.6383990185554362,
      "mean_missed_blocks_per_request": 86.72916666666667,
      "mean_missed_tokens_per_request": 2775.3333333333335,
      "mean_ttft_ms": 17562.732847703348,
      "median_itl_ms": 6.469123996794224,
      "median_ttft_ms": 21188.494669273496,
      "mem_fraction": 0.2,
      "output_throughput": 547.2286192839703,
      "p99_itl_ms": 33.849385520443306,
      "p99_ttft_ms": 25466.635509347543,
      "page_size": 32,
      "policy": "opt_bypass",
      "workload": "near_real"
    },
    {
      "corr_missed_blocks_vs_ttft": 0.2109736219608791,
      "corr_missed_tokens_vs_ttft": 0.2109736219608791,
      "critical_path_miss_rate": 0.5580121009170821,
      "mean_missed_blocks_per_request": 76.375,
      "mean_missed_tokens_per_request": 2444.0,
      "mean_ttft_ms": 2275.1527237317837,
      "median_itl_ms": 8.853041101247072,
      "median_ttft_ms": 2601.971920579672,
      "mem_fraction": 0.28,
      "output_throughput": 1266.971470337855,
      "p99_itl_ms": 238.97928422316875,
      "p99_ttft_ms": 4784.778838241474,
      "page_size": 32,
      "policy": "lru",
      "workload": "near_real"
    },
    {
      "corr_missed_blocks_vs_ttft": 0.22110704169655204,
      "corr_missed_tokens_vs_ttft": 0.22110704169655204,
      "critical_path_miss_rate": 0.5693350499848531,
      "mean_missed_blocks_per_request": 78.30729166666667,
      "mean_missed_tokens_per_request": 2505.8333333333335,
      "mean_ttft_ms": 2273.2868524520504,
      "median_itl_ms": 8.894086815416813,
      "median_ttft_ms": 2612.6201753504574,
      "mem_fraction": 0.28,
      "output_throughput": 1258.6897535624485,
      "p99_itl_ms": 209.98800212517375,
      "p99_ttft_ms": 4866.894167037681,
      "page_size": 32,
      "policy": "opt",
      "workload": "near_real"
    },
    {
      "corr_missed_blocks_vs_ttft": 0.1903590146965381,
      "corr_missed_tokens_vs_ttft": 0.1903590146965381,
      "critical_path_miss_rate": 0.5544787747501235,
      "mean_missed_blocks_per_request": 75.98958333333333,
      "mean_missed_tokens_per_request": 2431.6666666666665,
      "mean_ttft_ms": 2274.9332360811727,
      "median_itl_ms": 8.862402057275176,
      "median_ttft_ms": 2607.48219746165,
      "mem_fraction": 0.28,
      "output_throughput": 1258.1178851715347,
      "p99_itl_ms": 207.81508984044186,
      "p99_ttft_ms": 4846.470406507142,
      "page_size": 32,
      "policy": "opt_bypass",
      "workload": "near_real"
    },
    {
      "corr_missed_blocks_vs_ttft": 0.029753289719053645,
      "corr_missed_tokens_vs_ttft": 0.029753289719053645,
      "critical_path_miss_rate": 0.43348898714822925,
      "mean_missed_blocks_per_request": 54.635416666666664,
      "mean_missed_tokens_per_request": 1748.3333333333333,
      "mean_ttft_ms": 277.31650401013513,
      "median_itl_ms": 9.734060382470489,
      "median_ttft_ms": 219.5759736932814,
      "mem_fraction": 0.36,
      "output_throughput": 1388.161282502831,
      "p99_itl_ms": 283.8573646498844,
      "p99_ttft_ms": 758.0885962303728,
      "page_size": 32,
      "policy": "lru",
      "workload": "near_real"
    },
    {
      "corr_missed_blocks_vs_ttft": 0.06890027821851773,
      "corr_missed_tokens_vs_ttft": 0.06890027821851773,
      "critical_path_miss_rate": 0.4318753349548584,
      "mean_missed_blocks_per_request": 54.5625,
      "mean_missed_tokens_per_request": 1746.0,
      "mean_ttft_ms": 262.17025980198133,
      "median_itl_ms": 9.71337966620922,
      "median_ttft_ms": 202.3520260117948,
      "mem_fraction": 0.36,
      "output_throughput": 1420.6520237401774,
      "p99_itl_ms": 259.38716579228634,
      "p99_ttft_ms": 783.7505981605502,
      "page_size": 32,
      "policy": "opt",
      "workload": "near_real"
    },
    {
      "corr_missed_blocks_vs_ttft": 0.05149017419904064,
      "corr_missed_tokens_vs_ttft": 0.05149017419904064,
      "critical_path_miss_rate": 0.4318753349548584,
      "mean_missed_blocks_per_request": 54.5625,
      "mean_missed_tokens_per_request": 1746.0,
      "mean_ttft_ms": 271.3401613655151,
      "median_itl_ms": 9.959840215742588,
      "median_ttft_ms": 206.00475859828293,
      "mem_fraction": 0.36,
      "output_throughput": 1414.2717517507124,
      "p99_itl_ms": 272.45841424912214,
      "p99_ttft_ms": 780.4085082840178,
      "page_size": 32,
      "policy": "opt_bypass",
      "workload": "near_real"
    },
    {
      "corr_missed_blocks_vs_ttft": -0.0007585595506492596,
      "corr_missed_tokens_vs_ttft": -0.0007585595506492596,
      "critical_path_miss_rate": 0.5592095338663449,
      "mean_missed_blocks_per_request": 77.22916666666667,
      "mean_missed_tokens_per_request": 2471.3333333333335,
      "mean_ttft_ms": 915.0063328440107,
      "median_itl_ms": 6.732382113113999,
      "median_ttft_ms": 970.8643713966012,
      "mem_fraction": 0.2,
      "output_throughput": 167.3577686709206,
      "p99_itl_ms": 215.94927901402116,
      "p99_ttft_ms": 1659.5183785399424,
      "page_size": 32,
      "policy": "lru",
      "workload": "optimistic"
    },
    {
      "corr_missed_blocks_vs_ttft": 0.04023849789416228,
      "corr_missed_tokens_vs_ttft": 0.04023849789416228,
      "critical_path_miss_rate": 0.5776325181261505,
      "mean_missed_blocks_per_request": 80.08333333333333,
      "mean_missed_tokens_per_request": 2562.6666666666665,
      "mean_ttft_ms": 902.53336859314,
      "median_itl_ms": 6.7732688039541245,
      "median_ttft_ms": 958.2430610898882,
      "mem_fraction": 0.2,
      "output_throughput": 167.0286167335263,
      "p99_itl_ms": 217.4518266320233,
      "p99_ttft_ms": 1652.8683792287484,
      "page_size": 32,
      "policy": "opt",
      "workload": "optimistic"
    },
    {
      "corr_missed_blocks_vs_ttft": 0.0414558564015228,
      "corr_missed_tokens_vs_ttft": 0.0414558564015228,
      "critical_path_miss_rate": 0.5915735812279781,
      "mean_missed_blocks_per_request": 82.19791666666667,
      "mean_missed_tokens_per_request": 2630.3333333333335,
      "mean_ttft_ms": 950.012228024813,
      "median_itl_ms": 6.803340744227171,
      "median_ttft_ms": 1001.1569189373404,
      "mem_fraction": 0.2,
      "output_throughput": 167.25440931287366,
      "p99_itl_ms": 211.55039323493838,
      "p99_ttft_ms": 1694.7245382657275,
      "page_size": 32,
      "policy": "opt_bypass",
      "workload": "optimistic"
    },
    {
      "corr_missed_blocks_vs_ttft": 0.08797200942554888,
      "corr_missed_tokens_vs_ttft": 0.08797200942554888,