{
  "rows": [
    {
      "baseline_mem_fraction": 0.2,
      "corr_missed_blocks_vs_ttft": 0.09021748564939683,
      "corr_missed_tokens_vs_ttft": 0.09021748564939683,
      "critical_path_miss_rate": 0.6383990185554362,
      "mean_missed_blocks_per_request": 86.72916666666667,
      "mean_missed_tokens_per_request": 2775.3333333333335,
      "mean_ttft_ms": 17561.478643920662,
      "median_itl_delta_vs_baseline": 0.0,
      "median_itl_ms": 6.470462307333946,
      "median_itl_pct_change_vs_baseline": 0.0,
      "median_ttft_delta_vs_baseline": 0.0,
      "median_ttft_ms": 21147.422649199143,
      "median_ttft_pct_change_vs_baseline": 0.0,
      "mem_fraction": 0.2,
      "output_throughput": 547.4326076744967,
      "p99_itl_ms": 36.06127375737057,
      "p99_ttft_ms": 25414.634416815825,
      "page_size": 32,
      "policy": "lru",
      "throughput_delta_vs_baseline": 0.0,
      "throughput_pct_gain_vs_baseline": 0.0,
      "workload": "near_real"
    },
    {
      "baseline_mem_fraction": 0.2,
      "corr_missed_blocks_vs_ttft": 0.2109736219608791,
      "corr_missed_tokens_vs_ttft": 0.2109736219608791,
      "critical_path_miss_rate": 0.5580121009170821,
      "mean_missed_blocks_per_request": 76.375,
      "mean_missed_tokens_per_request": 2444.0,
      "mean_ttft_ms": 2275.1527237317837,
      "median_itl_delta_vs_baseline": 2.382578793913126,
      "median_itl_ms": 8.853041101247072,
      "median_itl_pct_change_vs_baseline": 36.8223888919435,
      "median_ttft_delta_vs_baseline": -18545.45072861947,
      "median_ttft_ms": 2601.971920579672,
      "median_ttft_pct_change_vs_baseline": -87.6960329221102,
      "mem_fraction": 0.28,
      "output_throughput": 1266.971470337855,
      "p99_itl_ms": 238.97928422316875,
      "p99_ttft_ms": 4784.778838241474,
      "page_size": 32,
      "policy": "lru",
      "throughput_delta_vs_baseline": 719.5388626633583,
      "throughput_pct_gain_vs_baseline": 131.43880225183736,
      "workload": "near_real"
    },
    {
      "baseline_mem_fraction": 0.2,
      "corr_missed_blocks_vs_ttft": 0.029753289719053645,
      "corr_missed_tokens_vs_ttft": 0.029753289719053645,
      "critical_path_miss_rate": 0.43348898714822925,
      "mean_missed_blocks_per_request": 54.635416666666664,
      "mean_missed_tokens_per_request": 1748.3333333333333,
      "mean_ttft_ms": 277.31650401013513,
      "median_itl_delta_vs_baseline": 3.2635980751365423,
      "median_itl_ms": 9.734060382470489,
      "median_itl_pct_change_vs_baseline": 50.43840640934446,
      "median_ttft_delta_vs_baseline": -20927.84667550586,
      "median_ttft_ms": 219.5759736932814,
      "median_ttft_pct_change_vs_baseline": -98.96168919808487,
      "mem_fraction": 0.36,
      "output_throughput": 1388.161282502831,
      "p99_itl_ms": 283.8573646498844,
      "p99_ttft_ms": 758.0885962303728,
      "page_size": 32,
      "policy": "lru",
      "throughput_delta_vs_baseline": 840.7286748283343,
      "throughput_pct_gain_vs_baseline": 153.57665273169687,
      "workload": "near_real"
    },
    {
      "baseline_mem_fraction": 0.2,
      "corr_missed_blocks_vs_ttft": -0.0007585595506492596,
      "corr_missed_tokens_vs_ttft": -0.0007585595506492596,
      "critical_path_miss_rate": 0.5592095338663449,
      "mean_missed_blocks_per_request": 77.22916666666667,
      "mean_missed_tokens_per_request": 2471.3333333333335,
      "mean_ttft_ms": 915.0063328440107,
      "median_itl_delta_vs_baseline": 0.0,
      "median_itl_ms": 6.732382113113999,
      "median_itl_pct_change_vs_baseline": 0.0,
      "median_ttft_delta_vs_baseline": 0.0,
      "median_ttft_ms": 970.8643713966012,
      "median_ttft_pct_change_vs_baseline": 0.0,
      "mem_fraction": 0.2,
      "output_throughput": 167.3577686709206,
      "p99_itl_ms": 215.94927901402116,
      "p99_ttft_ms": 1659.5183785399424,
      "page_size": 32,
      "policy": "lru",
      "throughput_delta_vs_baseline": 0.0,
      "throughput_pct_gain_vs_baseline": 0.0,
      "workload": "optimistic"
    },
    {
      "baseline_mem_fraction": 0.2,
      "corr_missed_blocks_vs_ttft": 0.08797200942554888,
      "corr_missed_tokens_vs_ttft": 0.08797200942554888,
      "critical_path_miss_rate": 0.379819334999039,
      "mean_missed_blocks_per_request": 51.463541666666664,
      "mean_missed_tokens_per_request": 1646.8333333333333,
      "mean_ttft_ms": 287.2989326012127,
      "median_itl_delta_vs_baseline": 0.6475734990090132,
      "median_itl_ms": 7.3799556121230125,
      "median_itl_pct_change_vs_baseline": 9.618787052321428,
      "median_ttft_delta_vs_baseline": -743.802557233721,
      "median_ttft_ms": 227.06181416288018,
      "median_ttft_pct_change_vs_baseline": -76.61240634093424,
      "mem_fraction": 0.28,
      "output_throughput": 176.50503497095335,
      "p99_itl_ms": 652.9971616854891,
      "p99_ttft_ms": 741.4380454132333,
      "page_size": 32,
      "policy": "lru",
      "throughput_delta_vs_baseline": 9.147266300032754,
      "throughput_pct_gain_vs_baseline": 5.465695660665286,
      "workload": "optimistic"
    },
    {
      "baseline_mem_fraction": 0.2,
      "corr_missed_blocks_vs_ttft": 0.09545353454469935,
      "corr_missed_tokens_vs_ttft": 0.09545353454469935,
      "critical_path_miss_rate": 0.36995507084981377,
      "mean_missed_blocks_per_request": 50.177083333333336,
      "mean_missed_tokens_per_request": 1605.6666666666667,
      "mean_ttft_ms": 288.0163681450843,
      "median_itl_delta_vs_baseline": 0.7630179170519114,
      "median_itl_ms": 7.495400030165911,
      "median_itl_pct_change_vs_baseline": 11.333550357541792,
      "median_ttft_delta_vs_baseline": -754.193649860099,
      "median_ttft_ms": 216.67072153650224,
      "median_ttft_pct_change_vs_baseline": -77.68269926057555,
      "mem_fraction": 0.36,
      "output_throughput": 176.3002482488987,
      "p99_itl_ms": 696.8461440876071,
      "p99_ttft_ms": 731.7231874028222,
      "page_size": 32,
      "policy": "lru",
      "throughput_delta_vs_baseline": 8.942479577978105,
      "throughput_pct_gain_vs_baseline": 5.343331026097693,
      "workload": "optimistic"
    }
  ]
}