{
  "event_counts": {
    "eviction_frontier": 400,
    "match_result": 560,
    "node_access": 296,
    "node_created": 403,
    "node_evicted": 400,
    "node_lock": 627,
    "node_split": 10,
    "request_lookup": 560
  },
  "frontier_belady_diff_rate": 0.0,
  "frontier_decisions": 400,
  "frontier_same_choice_rate": 1.0,
  "lookup_summary": {
    "mean_blocks_per_request": 138.79285714285714,
    "mean_tokens_per_request": 4441.371428571429,
    "request_count": 560,
    "requested_blocks": 77724,
    "requested_tokens": 2487168
  },
  "match_summary": {
    "block_hit_rate": 0.4232926766507128,
    "block_miss_rate": 0.5767073233492872,
    "matched_blocks": 32900,
    "matched_tokens": 1052800,
    "missed_blocks": 44824,
    "missed_tokens": 1434368,
    "request_count": 560,
    "token_hit_rate": 0.4232926766507128,
    "token_miss_rate": 0.5767073233492872
  },
  "most_accessed_blocks": [
    [
      -6219423934077242297,
      28
    ],
    [
      2108118626540954961,
      28
    ],
    [
      -2142939237757151883,
      28
    ],
    [
      5714508077380548727,
      28
    ],
    [
      8746595333958201713,
      28
    ],
    [
      -7168559561992803995,
      28
    ],
    [
      90245501939282078,
      28
    ],
    [
      2159388482170568435,
      28
    ],
    [
      -3490841498606361285,
      28
    ],
    [
      -944826984222439919,
      28
    ],
    [
      -5388996634328206065,
      28
    ],
    [
      -6830152123576708063,
      28
    ],
    [
      3101458952009122592,
      28
    ],
    [
      -3376457701678788070,
      28
    ],
    [
      376009639337704620,
      28
    ],
    [
      8038921461368034767,
      28
    ],
    [
      -1918267533251315928,
      28
    ],
    [
      7987389513046346277,
      28
    ],
    [
      7520186151742336753,
      28
    ],
    [
      -8974560694964723126,
      28
    ]
  ],
  "most_accessed_nodes": [
    [
      260,
      8
    ],
    [
      57,
      4
    ],
    [
      73,
      4
    ],
    [
      149,
      4
    ],
    [
      243,
      4
    ],
    [
      401,
      4
    ],
    [
      2,
      3
    ],
    [
      6,
      2
    ],
    [
      14,
      2
    ],
    [
      19,
      2
    ],
    [
      25,
      2
    ],
    [
      37,
      2
    ],
    [
      59,
      2
    ],
    [
      84,
      2
    ],
    [
      97,
      2
    ],
    [
      104,
      2
    ],
    [
      118,
      2
    ],
    [
      128,
      2
    ],
    [
      138,
      2
    ],
    [
      155,
      2
    ]
  ],
  "page_cache_simulation": {
    "belady_hit_rate": 0.7575523647779322,
    "belady_hits": 58880,
    "belady_miss_rate": 0.24244763522206783,
    "belady_misses": 18844,
    "belady_reuse_hit_rate": 1.0,
    "belady_reuse_hits": 58880,
    "belady_reuse_miss_rate": 0.0,
    "belady_reuse_misses": 0,
    "capacity_blocks": 13333,
    "compulsory_misses": 18844,
    "lru_hit_rate": 0.7558926457722196,
    "lru_hits": 58751,
    "lru_miss_rate": 0.24410735422778035,
    "lru_misses": 18973,
    "lru_reuse_hit_rate": 0.9978091032608696,
    "lru_reuse_hits": 58751,
    "lru_reuse_miss_rate": 0.0021908967391304347,
    "lru_reuse_misses": 129,
    "reuse_accesses": 58880,
    "total_accesses": 77724
  },
  "trace_path": "results/experiments/headroom_critical_path_full_20260427/optimistic__ps32__mem020__belady_bypass/traces/lru.jsonl",
  "unique_blocks": 19020,
  "unique_nodes": 413
}