{
  "cache_metrics": {
    "block_hit_rate": {
      "belady": 0.5606896551724138,
      "lru": 0.5749555160142349
    },
    "block_miss_rate": {
      "belady": 0.4393103448275862,
      "lru": 0.4250444839857651
    },
    "compulsory_misses": 1912,
    "matched_blocks": {
      "belady": 2439,
      "lru": 2585
    },
    "missed_blocks": {
      "belady": 1911,
      "lru": 1911
    },
    "primary_trace_summary": {
      "event_counts": {
        "match_result": 39,
        "node_access": 28,
        "node_created": 38,
        "node_lock": 58,
        "request_lookup": 39
      },
      "frontier_belady_diff_rate": 0.0,
      "frontier_decisions": 0,
      "frontier_same_choice_rate": 0.0,
      "lookup_summary": {
        "mean_blocks_per_request": 115.28205128205128,
        "mean_tokens_per_request": 3689.025641025641,
        "request_count": 39,
        "requested_blocks": 4496,
        "requested_tokens": 143872
      },
      "match_summary": {
        "block_hit_rate": 0.5749555160142349,
        "block_miss_rate": 0.4250444839857651,
        "matched_blocks": 2585,
        "matched_tokens": 82720,
        "missed_blocks": 1911,
        "missed_tokens": 61152,
        "request_count": 39,
        "token_hit_rate": 0.5749555160142349,
        "token_miss_rate": 0.4250444839857651
      },
      "most_accessed_blocks": [
        [
          8428342553558692913,
          4
        ],
        [
          1706748874491387691,
          4
        ],
        [
          -7500857648931943882,
          4
        ],
        [
          6019760669445550591,
          4
        ],
        [
          -1047598407984743342,
          4
        ],
        [
          -8370121499828416812,
          4
        ],
        [
          3448620756591254527,
          4
        ],
        [
          4737662367800924926,
          4
        ],
        [
          -4141044810837772077,
          4
        ],
        [
          -3915442009912074485,
          4
        ],
        [
          -8099849914750251605,
          4
        ],
        [
          1436808054728002744,
          4
        ],
        [
          5590083180012448059,
          4
        ],
        [
          4830258601609290417,
          4
        ],
        [
          15421431444446138,
          4
        ],
        [
          8040272570322877991,
          4
        ],
        [
          5931918582131013161,
          4
        ],
        [
          -4851790672374957605,
          4
        ],
        [
          -3968305924587157262,
          4
        ],
        [
          -1428887079629186050,
          4
        ]
      ],
      "most_accessed_nodes": [
        [
          2,
          3
        ],
        [
          7,
          2
        ],
        [
          9,
          2
        ],
        [
          12,
          2
        ],
        [
          16,
          2
        ],
        [
          21,
          2
        ],
        [
          4,
          1
        ],
        [
          5,
          1
        ],
        [
          6,
          1
        ],
        [
          8,
          1
        ],
        [
          10,
          1
        ],
        [
          11,
          1
        ],
        [
          13,
          1
        ],
        [
          14,
          1
        ],
        [
          15,
          1
        ],
        [
          17,
          1
        ],
        [
          18,
          1
        ],
        [
          19,
          1
        ],
        [
          20,
          1
        ],
        [
          22,
          1
        ]
      ],
      "page_cache_simulation": {
        "belady_hit_rate": 0.5747330960854092,
        "belady_hits": 2584,
        "belady_miss_rate": 0.42526690391459077,
        "belady_misses": 1912,
        "belady_reuse_hit_rate": 1.0,
        "belady_reuse_hits": 2584,
        "belady_reuse_miss_rate": 0.0,
        "belady_reuse_misses": 0,
        "capacity_blocks": 16000,
        "compulsory_misses": 1912,
        "lru_hit_rate": 0.5747330960854092,
        "lru_hits": 2584,
        "lru_miss_rate": 0.42526690391459077,
        "lru_misses": 1912,
        "lru_reuse_hit_rate": 1.0,
        "lru_reuse_hits": 2584,
        "lru_reuse_miss_rate": 0.0,
        "lru_reuse_misses": 0,
        "reuse_accesses": 2584,
        "total_accesses": 4496
      },
      "trace_path": "results/experiments/headroom_effective_residency_pilot/near_real__ps32__mem024__belady/traces/lru.jsonl",
      "unique_blocks": 2060,
      "unique_nodes": 38
    },
    "secondary_trace_summary": {
      "event_counts": {
        "match_result": 40,
        "node_access": 30,
        "node_created": 39,
        "node_lock": 62,
        "request_lookup": 40
      },
      "frontier_belady_diff_rate": 0.0,
      "frontier_decisions": 0,
      "frontier_same_choice_rate": 0.0,
      "lookup_summary": {
        "mean_blocks_per_request": 108.75,
        "mean_tokens_per_request": 3480.0,
        "request_count": 40,
        "requested_blocks": 4350,
        "requested_tokens": 139200
      },
      "match_summary": {
        "block_hit_rate": 0.5606896551724138,
        "block_miss_rate": 0.4393103448275862,
        "matched_blocks": 2439,
        "matched_tokens": 78048,
        "missed_blocks": 1911,
        "missed_tokens": 61152,
        "request_count": 40,
        "token_hit_rate": 0.5606896551724138,
        "token_miss_rate": 0.4393103448275862
      },
      "most_accessed_blocks": [
        [
          8428342553558692913,
          4
        ],
        [
          1706748874491387691,
          4
        ],
        [
          -7500857648931943882,
          4
        ],
        [
          6019760669445550591,
          4
        ],
        [
          -1047598407984743342,
          4
        ],
        [
          -8370121499828416812,
          4
        ],
        [
          3448620756591254527,
          4
        ],
        [
          4737662367800924926,
          4
        ],
        [
          -4141044810837772077,
          4
        ],
        [
          -3915442009912074485,
          4
        ],
        [
          -8099849914750251605,
          4
        ],
        [
          1436808054728002744,
          4
        ],
        [
          5590083180012448059,
          4
        ],
        [
          4830258601609290417,
          4
        ],
        [
          15421431444446138,
          4
        ],
        [
          8040272570322877991,
          4
        ],
        [
          5931918582131013161,
          4
        ],
        [
          -4851790672374957605,
          4
        ],
        [
          -3968305924587157262,
          4
        ],
        [
          -1428887079629186050,
          4
        ]
      ],
      "most_accessed_nodes": [
        [
          2,
          3
        ],
        [
          6,
          2
        ],
        [
          9,
          2
        ],
        [
          11,
          2
        ],
        [
          16,
          2
        ],
        [
          19,
          2
        ],
        [
          22,
          2
        ],
        [
          4,
          1
        ],
        [
          5,
          1
        ],
        [
          7,
          1
        ],
        [
          8,
          1
        ],
        [
          10,
          1
        ],
        [
          12,
          1
        ],
        [
          13,
          1
        ],
        [
          14,
          1
        ],
        [
          15,
          1
        ],
        [
          17,
          1
        ],
        [
          18,
          1
        ],
        [
          20,
          1
        ],
        [
          21,
          1
        ]
      ],
      "page_cache_simulation": {
        "belady_hit_rate": 0.5604597701149425,
        "belady_hits": 2438,
        "belady_miss_rate": 0.4395402298850575,
        "belady_misses": 1912,
        "belady_reuse_hit_rate": 1.0,