{
  "event_counts": {
    "belady_frontier": 486,
    "cache_budget_enforcement": 13,
    "match_result": 753,
    "node_access": 418,
    "node_created": 548,
    "node_evicted": 485,
    "node_lock": 861,
    "node_split": 6,
    "request_lookup": 753
  },
  "frontier_belady_diff_rate": 0.5216494845360825,
  "frontier_decisions": 485,
  "frontier_same_choice_rate": 0.47835051546391755,
  "lookup_summary": {
    "mean_blocks_per_request": 134.28419654714475,
    "mean_tokens_per_request": 4297.094289508632,
    "request_count": 753,
    "requested_blocks": 101116,
    "requested_tokens": 3235712
  },
  "match_summary": {
    "block_hit_rate": 0.387198860714427,
    "block_miss_rate": 0.612801139285573,
    "matched_blocks": 39152,
    "matched_tokens": 1252864,
    "missed_blocks": 61964,
    "missed_tokens": 1982848,
    "request_count": 753,
    "token_hit_rate": 0.387198860714427,
    "token_miss_rate": 0.612801139285573
  },
  "most_accessed_blocks": [
    [
      -3869084092682661315,
      26
    ],
    [
      197226621136996405,
      26
    ],
    [
      104146506824405095,
      14
    ],
    [
      8337628953960930572,
      14
    ],
    [
      7133547597855377516,
      14
    ],
    [
      -2343845935044241822,
      14
    ],
    [
      3350727339894314802,
      14
    ],
    [
      -4821533165403716990,
      14
    ],
    [
      -6668174147646226078,
      14
    ],
    [
      -8105459994682744455,
      14
    ],
    [
      8606840162461221402,
      14
    ],
    [
      -4779674906742633124,
      14
    ],
    [
      -2477788735986272585,
      14
    ],
    [
      -7771269912708168160,
      14
    ],
    [
      686780953365226401,
      14
    ],
    [
      -3537274686947957082,
      14
    ],
    [
      -893266927313994960,
      14
    ],
    [
      -7158428268064975971,
      14
    ],
    [
      -7131532611522038010,
      14
    ],
    [
      -3167831319882547264,
      14
    ]
  ],
  "most_accessed_nodes": [
    [
      24,
      19
    ],
    [
      201,
      10
    ],
    [
      193,
      5
    ],
    [
      40,
      4
    ],
    [
      423,
      4
    ],
    [
      2,
      3
    ],
    [
      7,
      3
    ],
    [
      20,
      3
    ],
    [
      44,
      3
    ],
    [
      56,
      3
    ],
    [
      107,
      3
    ],
    [
      204,
      3
    ],
    [
      250,
      3
    ],
    [
      281,
      3
    ],
    [
      325,
      3
    ],
    [
      413,
      3
    ],
    [
      427,
      3
    ],
    [
      8,
      2
    ],
    [
      10,
      2
    ],
    [
      15,
      2
    ]
  ],
  "page_cache_simulation": {
    "belady_hit_rate": 0.7275505360180387,
    "belady_hits": 73567,
    "belady_miss_rate": 0.2724494639819613,
    "belady_misses": 27549,
    "belady_reuse_hit_rate": 1.0,
    "belady_reuse_hits": 73567,
    "belady_reuse_miss_rate": 0.0,
    "belady_reuse_misses": 0,
    "capacity_blocks": 21333,
    "compulsory_misses": 27549,
    "lru_hit_rate": 0.7258396297321887,
    "lru_hits": 73394,
    "lru_miss_rate": 0.2741603702678112,
    "lru_misses": 27722,
    "lru_reuse_hit_rate": 0.9976484021368277,
    "lru_reuse_hits": 73394,
    "lru_reuse_miss_rate": 0.0023515978631723465,
    "lru_reuse_misses": 173,
    "reuse_accesses": 73567,
    "total_accesses": 101116
  },
  "trace_path": "results/experiments/headroom_effective_residency_full_20260427/near_real__ps32__mem032__belady_bypass/traces/belady.jsonl",
  "unique_blocks": 29593,
  "unique_nodes": 553
}