{
  "cache_metrics": {
    "block_hit_rate": {
      "belady": 0.42316739536191866,
      "lru": 0.4357390718873006
    },
    "block_miss_rate": {
      "belady": 0.5768326046380814,
      "lru": 0.5642609281126993
    },
    "compulsory_misses": 18844,
    "matched_blocks": {
      "belady": 33101,
      "lru": 33653
    },
    "missed_blocks": {
      "belady": 45121,
      "lru": 43579
    },
    "primary_trace_summary": {
      "event_counts": {
        "eviction_frontier": 406,
        "match_result": 558,
        "node_access": 306,
        "node_created": 409,
        "node_evicted": 406,
        "node_lock": 647,
        "node_split": 10,
        "request_lookup": 558
      },
      "frontier_belady_diff_rate": 0.0,
      "frontier_decisions": 406,
      "frontier_same_choice_rate": 1.0,
      "lookup_summary": {
        "mean_blocks_per_request": 138.40860215053763,
        "mean_tokens_per_request": 4429.075268817204,
        "request_count": 558,
        "requested_blocks": 77232,
        "requested_tokens": 2471424
      },
      "match_summary": {
        "block_hit_rate": 0.4357390718873006,
        "block_miss_rate": 0.5642609281126993,
        "matched_blocks": 33653,
        "matched_tokens": 1076896,
        "missed_blocks": 43579,
        "missed_tokens": 1394528,
        "request_count": 558,
        "token_hit_rate": 0.4357390718873006,
        "token_miss_rate": 0.5642609281126993
      },
      "most_accessed_blocks": [
        [
          -6219423934077242297,
          29
        ],
        [
          2108118626540954961,
          29
        ],
        [
          -2142939237757151883,
          29
        ],
        [
          5714508077380548727,
          29
        ],
        [
          8746595333958201713,
          29
        ],
        [
          -7168559561992803995,
          29
        ],
        [
          90245501939282078,
          29
        ],
        [
          2159388482170568435,
          29
        ],
        [
          -3490841498606361285,
          29
        ],
        [
          -944826984222439919,
          29
        ],
        [
          -5388996634328206065,
          29
        ],
        [
          -6830152123576708063,
          29
        ],
        [
          3101458952009122592,
          29
        ],
        [
          -3376457701678788070,
          29
        ],
        [
          376009639337704620,
          29
        ],
        [
          8038921461368034767,
          29
        ],
        [
          -1918267533251315928,
          29
        ],
        [
          7987389513046346277,
          29
        ],
        [
          7520186151742336753,
          29
        ],
        [
          -8974560694964723126,
          29
        ]
      ],
      "most_accessed_nodes": [
        [
          267,
          8
        ],
        [
          56,
          5
        ],
        [
          74,
          4
        ],
        [
          407,
          4
        ],
        [
          2,
          3
        ],
        [
          6,
          2
        ],
        [
          14,
          2
        ],
        [
          19,
          2
        ],
        [
          24,
          2
        ],
        [
          46,
          2
        ],
        [
          59,
          2
        ],
        [
          70,
          2
        ],
        [
          80,
          2
        ],
        [
          86,
          2
        ],
        [
          95,
          2
        ],
        [
          100,
          2
        ],
        [
          110,
          2
        ],
        [
          116,
          2
        ],
        [
          121,
          2
        ],
        [
          127,
          2
        ]
      ],
      "page_cache_simulation": {
        "belady_hit_rate": 0.7560078723845038,
        "belady_hits": 58388,
        "belady_miss_rate": 0.24399212761549616,
        "belady_misses": 18844,
        "belady_reuse_hit_rate": 1.0,
        "belady_reuse_hits": 58388,
        "belady_reuse_miss_rate": 0.0,
        "belady_reuse_misses": 0,
        "capacity_blocks": 13333,
        "compulsory_misses": 18844,
        "lru_hit_rate": 0.7543375802776051,
        "lru_hits": 58259,
        "lru_miss_rate": 0.24566241972239486,
        "lru_misses": 18973,
        "lru_reuse_hit_rate": 0.9977906419127218,
        "lru_reuse_hits": 58259,
        "lru_reuse_miss_rate": 0.002209358087278208,
        "lru_reuse_misses": 129,
        "reuse_accesses": 58388,
        "total_accesses": 77232
      },
      "trace_path": "results/experiments/headroom_critical_path_full_20260427/optimistic__ps32__mem020__belady/traces/lru.jsonl",
      "unique_blocks": 19020,
      "unique_nodes": 419
    },
    "secondary_trace_summary": {
      "event_counts": {
        "belady_frontier": 403,
        "match_result": 564,
        "node_access": 296,
        "node_created": 404,
        "node_evicted": 403,
        "node_lock": 627,
        "node_split": 10,
        "request_lookup": 564
      },
      "frontier_belady_diff_rate": 0.2655086848635236,
      "frontier_decisions": 403,
      "frontier_same_choice_rate": 0.7344913151364765,
      "lookup_summary": {
        "mean_blocks_per_request": 138.69148936170214,
        "mean_tokens_per_request": 4438.127659574468,
        "request_count": 564,
        "requested_blocks": 78222,
        "requested_tokens": 2503104
      },
      "match_summary": {
        "block_hit_rate": 0.42316739536191866,
        "block_miss_rate": 0.5768326046380814,
        "matched_blocks": 33101,
        "matched_tokens": 1059232,
        "missed_blocks": 45121,
        "missed_tokens": 1443872,
        "request_count": 564,
        "token_hit_rate": 0.42316739536191866,
        "token_miss_rate": 0.5768326046380814
      },
      "most_accessed_blocks": [
        [
          -6219423934077242297,
          28
        ],
        [
          2108118626540954961,
          28
        ],
        [
          -2142939237757151883,
          28
        ],
        [
          5714508077380548727,
          28
        ],
        [
          8746595333958201713,
          28
        ],
        [
          -7168559561992803995,
          28
        ],
        [
          90245501939282078,
          28
        ],
        [
          2159388482170568435,
          28
        ],
        [
          -3490841498606361285,
          28
        ],
        [
          -944826984222439919,
          28
        ],
        [
          -5388996634328206065,
          28
        ],
        [
          -6830152123576708063,
          28
        ],
        [
          3101458952009122592,
          28
        ],
        [
          -3376457701678788070,
          28
        ],
        [
          376009639337704620,
          28
        ],
        [
          8038921461368034767,
          28
        ],
        [
          -1918267533251315928,
          28
        ],
        [
          7987389513046346277,
          28
        ],
        [
          7520186151742336753,
          28
        ],
        [
          -8974560694964723126,
          28
        ]
      ],