{
  "event_counts": {
    "eviction_frontier": 474,
    "match_result": 764,
    "node_access": 387,
    "node_created": 542,
    "node_evicted": 474,
    "node_lock": 796,
    "node_split": 6,
    "request_lookup": 764
  },
  "frontier_belady_diff_rate": 0.0,
  "frontier_decisions": 474,
  "frontier_same_choice_rate": 1.0,
  "lookup_summary": {
    "mean_blocks_per_request": 133.42146596858638,
    "mean_tokens_per_request": 4269.486910994764,
    "request_count": 764,
    "requested_blocks": 101934,
    "requested_tokens": 3261888
  },
  "match_summary": {
    "block_hit_rate": 0.38442521631644005,
    "block_miss_rate": 0.61557478368356,
    "matched_blocks": 39186,
    "matched_tokens": 1253952,
    "missed_blocks": 62748,
    "missed_tokens": 2007936,
    "request_count": 764,
    "token_hit_rate": 0.38442521631644005,
    "token_miss_rate": 0.61557478368356
  },
  "most_accessed_blocks": [
    [
      -3869084092682661315,
      25
    ],
    [
      197226621136996405,
      25
    ],
    [
      1968789915868551368,
      13
    ],
    [
      -4829019408628508026,
      13
    ],
    [
      5669404983807934864,
      13
    ],
    [
      -918321022106004651,
      13
    ],
    [
      -2172195479160877688,
      13
    ],
    [
      7578470608396286055,
      13
    ],
    [
      -1905775896510556434,
      13
    ],
    [
      4642058593651930567,
      13
    ],
    [
      -6822827565848067594,
      13
    ],
    [
      -8150360827859448581,
      13
    ],
    [
      5532578759175785587,
      13
    ],
    [
      7334527551680814646,
      13
    ],
    [
      2678432598727818235,
      13
    ],
    [
      2000823421391647320,
      13
    ],
    [
      -3959628497979030793,
      13
    ],
    [
      5785416391306916999,
      13
    ],
    [
      -2710516600749587470,
      13
    ],
    [
      -1872265379936683178,
      13
    ]
  ],
  "most_accessed_nodes": [
    [
      23,
      16
    ],
    [
      209,
      8
    ],
    [
      204,
      6
    ],
    [
      21,
      4
    ],
    [
      424,
      4
    ],
    [
      2,
      3
    ],
    [
      8,
      3
    ],
    [
      45,
      3
    ],
    [
      216,
      3
    ],
    [
      263,
      3
    ],
    [
      333,
      3
    ],
    [
      7,
      2
    ],
    [
      9,
      2
    ],
    [
      12,
      2
    ],
    [
      16,
      2
    ],
    [
      19,
      2
    ],
    [
      22,
      2
    ],
    [
      26,
      2
    ],
    [
      29,
      2
    ],
    [
      31,
      2
    ]
  ],
  "page_cache_simulation": {
    "belady_hit_rate": 0.7297368885749602,
    "belady_hits": 74385,
    "belady_miss_rate": 0.2702631114250397,
    "belady_misses": 27549,
    "belady_reuse_hit_rate": 1.0,
    "belady_reuse_hits": 74385,
    "belady_reuse_miss_rate": 0.0,
    "belady_reuse_misses": 0,
    "capacity_blocks": 18666,
    "compulsory_misses": 27549,
    "lru_hit_rate": 0.7263327250966312,
    "lru_hits": 74038,
    "lru_miss_rate": 0.27366727490336884,
    "lru_misses": 27896,
    "lru_reuse_hit_rate": 0.9953350809975129,
    "lru_reuse_hits": 74038,
    "lru_reuse_miss_rate": 0.004664919002487061,
    "lru_reuse_misses": 347,
    "reuse_accesses": 74385,
    "total_accesses": 101934
  },
  "trace_path": "results/experiments/headroom_effective_residency_full_20260427/near_real__ps32__mem028__belady_bypass/traces/lru.jsonl",
  "unique_blocks": 29678,
  "unique_nodes": 547
}