{
  "best_block_miss_rate_reduction": 0.002141962984974488,
  "best_throughput_gain_tokens_per_s": -3.402339991518488,
  "best_ttft_reduction_ms": -59.077292680740356,
  "num_runs": 5
}