{
  "rows": [
    {
      "block_hit_rate": 0.5749555160142349,
      "block_miss_rate": 0.4250444839857651,
      "compulsory_miss_rate": 0.42526690391459077,
      "compulsory_misses": 1912,
      "matched_blocks": 2585,
      "median_itl_ms": 6.551985163241625,
      "median_ttft_ms": 532.6521049719304,
      "mem_fraction": 0.24,
      "missed_blocks": 1911,
      "output_throughput": 716.8369983418829,
      "p99_itl_ms": 10.970474020577825,
      "p99_ttft_ms": 664.6171611966565,
      "page_size": 32,
      "policy": "lru",
      "request_throughput": 2.386473569178137,
      "transfer_proxy_bytes": 8015314944,
      "workload": "near_real"
    },
    {
      "block_hit_rate": null,
      "block_miss_rate": 0.42526690391459077,
      "compulsory_miss_rate": 0.42526690391459077,
      "compulsory_misses": 1912,
      "matched_blocks": null,
      "median_itl_ms": null,
      "median_ttft_ms": null,
      "mem_fraction": 0.24,
      "missed_blocks": 1912,
      "output_throughput": null,
      "p99_itl_ms": null,
      "p99_ttft_ms": null,
      "page_size": 32,
      "policy": "compulsory",
      "request_throughput": null,
      "transfer_proxy_bytes": null,
      "workload": "near_real"
    },
    {
      "block_hit_rate": 0.5606896551724138,
      "block_miss_rate": 0.4393103448275862,
      "compulsory_miss_rate": 0.42526690391459077,
      "compulsory_misses": 1912,
      "matched_blocks": 2439,
      "median_itl_ms": 6.572087528184056,
      "median_ttft_ms": 664.1644828487188,
      "mem_fraction": 0.24,
      "missed_blocks": 1911,
      "output_throughput": 726.658419732485,
      "p99_itl_ms": 9.004263784736395,
      "p99_ttft_ms": 802.625579177402,
      "page_size": 32,
      "policy": "opt",
      "request_throughput": 2.419170768980391,
      "transfer_proxy_bytes": 8015314944,
      "workload": "near_real"
    },
    {
      "block_hit_rate": 0.5749555160142349,
      "block_miss_rate": 0.4250444839857651,
      "compulsory_miss_rate": 0.45599809205819225,
      "compulsory_misses": 1912,
      "matched_blocks": 2585,
      "median_itl_ms": 6.56099570915103,
      "median_ttft_ms": 511.6758777294308,
      "mem_fraction": 0.24,
      "missed_blocks": 1911,
      "output_throughput": 744.8383956879587,
      "p99_itl_ms": 8.769969460554417,
      "p99_ttft_ms": 660.8236389467493,
      "page_size": 32,
      "policy": "opt_bypass",
      "request_throughput": 2.479695033501319,
      "transfer_proxy_bytes": 8015314944,
      "workload": "near_real"
    },
    {
      "block_hit_rate": 0.5977799950112247,
      "block_miss_rate": 0.40222000498877525,
      "compulsory_miss_rate": 0.3217760039910202,
      "compulsory_misses": 2580,
      "matched_blocks": 4793,
      "median_itl_ms": 7.755569647997618,
      "median_ttft_ms": 1146.104083629325,
      "mem_fraction": 0.24,
      "missed_blocks": 3225,
      "output_throughput": 116.26988505992308,
      "p99_itl_ms": 1512.8359502926462,
      "p99_ttft_ms": 1549.697576626204,
      "page_size": 32,
      "policy": "lru",
      "request_throughput": 5.637327760481119,
      "transfer_proxy_bytes": 13526630400,
      "workload": "optimistic"
    },
    {
      "block_hit_rate": null,
      "block_miss_rate": 0.3217760039910202,
      "compulsory_miss_rate": 0.3217760039910202,
      "compulsory_misses": 2580,
      "matched_blocks": null,
      "median_itl_ms": null,
      "median_ttft_ms": null,
      "mem_fraction": 0.24,
      "missed_blocks": 2580,
      "output_throughput": null,
      "p99_itl_ms": null,
      "p99_ttft_ms": null,
      "page_size": 32,
      "policy": "compulsory",
      "request_throughput": null,
      "transfer_proxy_bytes": null,
      "workload": "optimistic"
    },
    {
      "block_hit_rate": 0.5977799950112247,
      "block_miss_rate": 0.40222000498877525,
      "compulsory_miss_rate": 0.3217760039910202,
      "compulsory_misses": 2580,
      "matched_blocks": 4793,
      "median_itl_ms": 7.755459751933813,
      "median_ttft_ms": 1027.7935834601521,
      "mem_fraction": 0.24,
      "missed_blocks": 3225,
      "output_throughput": 129.41920164495627,
      "p99_itl_ms": 1483.6959141679101,
      "p99_ttft_ms": 1326.187497889623,
      "page_size": 32,
      "policy": "opt",
      "request_throughput": 6.2748703827857595,
      "transfer_proxy_bytes": 13526630400,
      "workload": "optimistic"
    },
    {
      "block_hit_rate": 0.5977799950112247,
      "block_miss_rate": 0.40222000498877525,
      "compulsory_miss_rate": 0.3217760039910202,
      "compulsory_misses": 2580,
      "matched_blocks": 4793,
      "median_itl_ms": 7.88508215919137,
      "median_ttft_ms": 1002.7209764812142,
      "mem_fraction": 0.24,
      "missed_blocks": 3225,
      "output_throughput": 129.98749435486707,
      "p99_itl_ms": 1484.5635611750176,
      "p99_ttft_ms": 1317.1892946120352,
      "page_size": 32,
      "policy": "opt_bypass",
      "request_throughput": 6.302423968720827,
      "transfer_proxy_bytes": 13526630400,
      "workload": "optimistic"
    }
  ]
}