{
  "corr_missed_blocks_vs_ttft": 0.19600233154818386,
  "corr_missed_tokens_vs_ttft": 0.19600233154818386,
  "critical_path_miss_rate": 0.5107913669064749,
  "mean_missed_blocks_per_request": 71.0,
  "mean_missed_tokens_per_request": 2272.0,
  "mean_ttft_ms": 286.5710272162687,
  "policy_label": "belady_bypass",
  "request_count": 16,
  "ttft_by_missed_block_bucket_ms": {
    "0": {
      "count": 7,
      "mean_ttft_ms": 277.3365021151091,
      "median_ttft_ms": 270.659483037889
    },
    "12": {
      "count": 1,
      "mean_ttft_ms": 136.76048023626208,
      "median_ttft_ms": 136.76048023626208
    },
    "140": {
      "count": 4,
      "mean_ttft_ms": 384.3661128776148,
      "median_ttft_ms": 370.521612232551
    },
    "141": {
      "count": 4,
      "mean_ttft_ms": 242.3889972269535,
      "median_ttft_ms": 193.19397257640958
    }
  }
}