{
  "event_counts": {
    "belady_frontier": 429,
    "cache_budget_enforcement": 39,
    "match_result": 558,
    "node_access": 1130,
    "node_created": 465,
    "node_evicted": 428,
    "node_lock": 3036,
    "node_split": 36,
    "request_lookup": 558
  },
  "frontier_belady_diff_rate": 0.8948598130841121,
  "frontier_decisions": 428,
  "frontier_same_choice_rate": 0.10514018691588785,
  "lookup_summary": {
    "mean_blocks_per_request": 204.53405017921148,
    "mean_tokens_per_request": 6545.089605734767,
    "request_count": 558,
    "requested_blocks": 114130,
    "requested_tokens": 3652160
  },
  "match_summary": {
    "block_hit_rate": 0.8663716814159292,
    "block_miss_rate": 0.1336283185840708,
    "matched_blocks": 98879,
    "matched_tokens": 3164128,
    "missed_blocks": 15251,
    "missed_tokens": 488032,
    "request_count": 558,
    "token_hit_rate": 0.8663716814159292,
    "token_miss_rate": 0.1336283185840708
  },
  "most_accessed_blocks": [
    [
      8766249672013165855,
      36
    ],
    [
      -6552454621739237089,
      36
    ],
    [
      8465170457785348920,
      36
    ],
    [
      -7494984702249935707,
      36
    ],
    [
      6404468174392092208,
      36
    ],
    [
      1514465988155373477,
      36
    ],
    [
      -2631156768949078950,
      36
    ],
    [
      -1312601858977229942,
      36
    ],
    [
      7790630995102832820,
      36
    ],
    [
      -284961804476734164,
      36
    ],
    [
      4367214724259553567,
      36
    ],
    [
      36737723505760195,
      36
    ],
    [
      -2732098046057407950,
      36
    ],
    [
      917386846177115444,
      36
    ],
    [
      4847748625455720211,
      36
    ],
    [
      36191862804682538,
      36
    ],
    [
      -3232606143306702778,
      36
    ],
    [
      6768330104657555336,
      36
    ],
    [
      424834702441730527,
      36
    ],
    [
      -454404838069706842,
      36
    ]
  ],
  "most_accessed_nodes": [
    [
      27,
      35
    ],
    [
      32,
      32
    ],
    [
      36,
      31
    ],
    [
      15,
      30
    ],
    [
      25,
      30
    ],
    [
      60,
      30
    ],
    [
      28,
      29
    ],
    [
      7,
      28
    ],
    [
      37,
      28
    ],
    [
      75,
      27
    ],
    [
      104,
      26
    ],
    [
      13,
      25
    ],
    [
      46,
      24
    ],
    [
      53,
      20
    ],
    [
      172,
      19
    ],
    [
      35,
      18
    ],
    [
      303,
      17
    ],
    [
      22,
      16
    ],
    [
      58,
      16
    ],
    [
      178,
      15
    ]
  ],
  "page_cache_simulation": {
    "belady_hit_rate": 0.9126610006133357,
    "belady_hits": 104162,
    "belady_miss_rate": 0.08733899938666433,
    "belady_misses": 9968,
    "belady_reuse_hit_rate": 1.0,
    "belady_reuse_hits": 104162,
    "belady_reuse_miss_rate": 0.0,
    "belady_reuse_misses": 0,
    "capacity_blocks": 21333,
    "compulsory_misses": 9968,
    "lru_hit_rate": 0.9126610006133357,
    "lru_hits": 104162,
    "lru_miss_rate": 0.08733899938666433,
    "lru_misses": 9968,
    "lru_reuse_hit_rate": 1.0,
    "lru_reuse_hits": 104162,
    "lru_reuse_miss_rate": 0.0,
    "lru_reuse_misses": 0,
    "reuse_accesses": 104162,
    "total_accesses": 114130
  },
  "trace_path": "results/experiments/headroom_effective_residency_full_20260427/optimistic__ps32__mem032__belady_bypass/traces/belady.jsonl",
  "unique_blocks": 10142,
  "unique_nodes": 501
}