{
  "event_counts": {
    "belady_frontier": 451,
    "match_result": 754,
    "node_access": 422,
    "node_created": 550,
    "node_evicted": 451,
    "node_lock": 868,
    "node_split": 6,
    "request_lookup": 754
  },
  "frontier_belady_diff_rate": 0.48337028824833705,
  "frontier_decisions": 451,
  "frontier_same_choice_rate": 0.516629711751663,
  "lookup_summary": {
    "mean_blocks_per_request": 134.6684350132626,
    "mean_tokens_per_request": 4309.3899204244035,
    "request_count": 754,
    "requested_blocks": 101540,
    "requested_tokens": 3249280
  },
  "match_summary": {
    "block_hit_rate": 0.3903683277526098,
    "block_miss_rate": 0.6096316722473902,
    "matched_blocks": 39638,
    "matched_tokens": 1268416,
    "missed_blocks": 61902,
    "missed_tokens": 1980864,
    "request_count": 754,
    "token_hit_rate": 0.3903683277526098,
    "token_miss_rate": 0.6096316722473902
  },
  "most_accessed_blocks": [
    [
      -3869084092682661315,
      28
    ],
    [
      197226621136996405,
      28
    ],
    [
      104146506824405095,
      14
    ],
    [
      8337628953960930572,
      14
    ],
    [
      7133547597855377516,
      14
    ],
    [
      -2343845935044241822,
      14
    ],
    [
      3350727339894314802,
      14
    ],
    [
      -4821533165403716990,
      14
    ],
    [
      -6668174147646226078,
      14
    ],
    [
      -8105459994682744455,
      14
    ],
    [
      8606840162461221402,
      14
    ],
    [
      -4779674906742633124,
      14
    ],
    [
      -2477788735986272585,
      14
    ],
    [
      -7771269912708168160,
      14
    ],
    [
      686780953365226401,
      14
    ],
    [
      -3537274686947957082,
      14
    ],
    [
      -893266927313994960,
      14
    ],
    [
      -7158428268064975971,
      14
    ],
    [
      -7131532611522038010,
      14
    ],
    [
      -3167831319882547264,
      14
    ]
  ],
  "most_accessed_nodes": [
    [
      23,
      20
    ],
    [
      203,
      10
    ],
    [
      195,
      5
    ],
    [
      425,
      4
    ],
    [
      2,
      3
    ],
    [
      6,
      3
    ],
    [
      8,
      3
    ],
    [
      21,
      3
    ],
    [
      45,
      3
    ],
    [
      57,
      3
    ],
    [
      110,
      3
    ],
    [
      206,
      3
    ],
    [
      252,
      3
    ],
    [
      283,
      3
    ],
    [
      327,
      3
    ],
    [
      415,
      3
    ],
    [
      429,
      3
    ],
    [
      7,
      2
    ],
    [
      9,
      2
    ],
    [
      12,
      2
    ]
  ],
  "page_cache_simulation": {
    "belady_hit_rate": 0.7286882016939137,
    "belady_hits": 73991,
    "belady_miss_rate": 0.27131179830608626,
    "belady_misses": 27549,
    "belady_reuse_hit_rate": 1.0,
    "belady_reuse_hits": 73991,
    "belady_reuse_miss_rate": 0.0,
    "belady_reuse_misses": 0,
    "capacity_blocks": 21333,
    "compulsory_misses": 27549,
    "lru_hit_rate": 0.7269844396297026,
    "lru_hits": 73818,
    "lru_miss_rate": 0.2730155603702974,
    "lru_misses": 27722,
    "lru_reuse_hit_rate": 0.9976618777959482,
    "lru_reuse_hits": 73818,
    "lru_reuse_miss_rate": 0.002338122204051844,
    "lru_reuse_misses": 173,
    "reuse_accesses": 73991,
    "total_accesses": 101540
  },
  "trace_path": "results/experiments/headroom_effective_residency_full_20260427/near_real__ps32__mem032__belady/traces/belady.jsonl",
  "unique_blocks": 29593,
  "unique_nodes": 555
}