{
  "event_counts": {
    "belady_frontier": 472,
    "match_result": 764,
    "node_access": 385,
    "node_created": 540,
    "node_evicted": 472,
    "node_lock": 794,
    "node_split": 6,
    "request_lookup": 764
  },
  "frontier_belady_diff_rate": 0.3622881355932203,
  "frontier_decisions": 472,
  "frontier_same_choice_rate": 0.6377118644067796,
  "lookup_summary": {
    "mean_blocks_per_request": 133.29188481675394,
    "mean_tokens_per_request": 4265.340314136126,
    "request_count": 764,
    "requested_blocks": 101835,
    "requested_tokens": 3258720
  },
  "match_summary": {
    "block_hit_rate": 0.38140128639465803,
    "block_miss_rate": 0.618598713605342,
    "matched_blocks": 38840,
    "matched_tokens": 1242880,
    "missed_blocks": 62995,
    "missed_tokens": 2015840,
    "request_count": 764,
    "token_hit_rate": 0.38140128639465803,
    "token_miss_rate": 0.618598713605342
  },
  "most_accessed_blocks": [
    [
      -3869084092682661315,
      23
    ],
    [
      197226621136996405,
      23
    ],
    [
      1968789915868551368,
      13
    ],
    [
      -4829019408628508026,
      13
    ],
    [
      5669404983807934864,
      13
    ],
    [
      -918321022106004651,
      13
    ],
    [
      -2172195479160877688,
      13
    ],
    [
      7578470608396286055,
      13
    ],
    [
      -1905775896510556434,
      13
    ],
    [
      4642058593651930567,
      13
    ],
    [
      -6822827565848067594,
      13
    ],
    [
      -8150360827859448581,
      13
    ],
    [
      5532578759175785587,
      13
    ],
    [
      7334527551680814646,
      13
    ],
    [
      2678432598727818235,
      13
    ],
    [
      2000823421391647320,
      13
    ],
    [
      -3959628497979030793,
      13
    ],
    [
      5785416391306916999,
      13
    ],
    [
      -2710516600749587470,
      13
    ],
    [
      -1872265379936683178,
      13
    ]
  ],
  "most_accessed_nodes": [
    [
      24,
      15
    ],
    [
      207,
      8
    ],
    [
      202,
      6
    ],
    [
      20,
      4
    ],
    [
      40,
      4
    ],
    [
      422,
      4
    ],
    [
      2,
      3
    ],
    [
      7,
      3
    ],
    [
      44,
      3
    ],
    [
      214,
      3
    ],
    [
      261,
      3
    ],
    [
      331,
      3
    ],
    [
      8,
      2
    ],
    [
      10,
      2
    ],
    [
      15,
      2
    ],
    [
      18,
      2
    ],
    [
      21,
      2
    ],
    [
      23,
      2
    ],
    [
      27,
      2
    ],
    [
      30,
      2
    ]
  ],
  "page_cache_simulation": {
    "belady_hit_rate": 0.7294741493592576,
    "belady_hits": 74286,
    "belady_miss_rate": 0.27052585064074236,
    "belady_misses": 27549,
    "belady_reuse_hit_rate": 1.0,
    "belady_reuse_hits": 74286,
    "belady_reuse_miss_rate": 0.0,
    "belady_reuse_misses": 0,
    "capacity_blocks": 18666,
    "compulsory_misses": 27549,
    "lru_hit_rate": 0.7260666764864732,
    "lru_hits": 73939,
    "lru_miss_rate": 0.2739333235135268,
    "lru_misses": 27896,
    "lru_reuse_hit_rate": 0.9953288641197534,
    "lru_reuse_hits": 73939,
    "lru_reuse_miss_rate": 0.004671135880246614,
    "lru_reuse_misses": 347,
    "reuse_accesses": 74286,
    "total_accesses": 101835
  },
  "trace_path": "results/experiments/headroom_effective_residency_full_20260427/near_real__ps32__mem028__belady/traces/belady.jsonl",
  "unique_blocks": 29683,
  "unique_nodes": 545
}