{
  "cache_metrics": {
    "block_hit_rate": {
      "belady_bypass": 0.34096971598933,
      "lru": 0.34096971598933
    },
    "block_miss_rate": {
      "belady_bypass": 0.65903028401067,
      "lru": 0.65903028401067
    },
    "compulsory_misses": 27553,
    "matched_blocks": {
      "belady_bypass": 36941,
      "lru": 36941
    },
    "missed_blocks": {
      "belady_bypass": 71400,
      "lru": 71400
    },
    "primary_trace_summary": {
      "event_counts": {
        "eviction_frontier": 527,
        "match_result": 797,
        "node_access": 335,
        "node_created": 534,
        "node_evicted": 527,
        "node_lock": 676,
        "node_split": 3,
        "request_lookup": 797
      },
      "frontier_belady_diff_rate": 0.0,
      "frontier_decisions": 527,
      "frontier_same_choice_rate": 1.0,
      "lookup_summary": {
        "mean_blocks_per_request": 135.93601003764115,
        "mean_tokens_per_request": 4349.952321204517,
        "request_count": 797,
        "requested_blocks": 108341,
        "requested_tokens": 3466912
      },
      "match_summary": {
        "block_hit_rate": 0.34096971598933,
        "block_miss_rate": 0.65903028401067,
        "matched_blocks": 36941,
        "matched_tokens": 1182112,
        "missed_blocks": 71400,
        "missed_tokens": 2284800,
        "request_count": 797,
        "token_hit_rate": 0.34096971598933,
        "token_miss_rate": 0.65903028401067
      },
      "most_accessed_blocks": [
        [
          -3869084092682661315,
          30
        ],
        [
          197226621136996405,
          30
        ],
        [
          1968789915868551368,
          16
        ],
        [
          -4829019408628508026,
          16
        ],
        [
          5669404983807934864,
          16
        ],
        [
          -918321022106004651,
          16
        ],
        [
          -2172195479160877688,
          16
        ],
        [
          7578470608396286055,
          16
        ],
        [
          -1905775896510556434,
          16
        ],
        [
          4642058593651930567,
          16
        ],
        [
          -6822827565848067594,
          16
        ],
        [
          -8150360827859448581,
          16
        ],
        [
          5532578759175785587,
          16
        ],
        [
          7334527551680814646,
          16
        ],
        [
          2678432598727818235,
          16
        ],
        [
          2000823421391647320,
          16
        ],
        [
          -3959628497979030793,
          16
        ],
        [
          5785416391306916999,
          16
        ],
        [
          -2710516600749587470,
          16
        ],
        [
          -1872265379936683178,
          16
        ]
      ],
      "most_accessed_nodes": [
        [
          140,
          9
        ],
        [
          159,
          4
        ],
        [
          2,
          3
        ],
        [
          58,
          3
        ],
        [
          279,
          3
        ],
        [
          347,
          3
        ],
        [
          27,
          2
        ],
        [
          89,
          2
        ],
        [
          93,
          2
        ],
        [
          105,
          2
        ],
        [
          117,
          2
        ],
        [
          145,
          2
        ],
        [
          175,
          2
        ],
        [
          189,
          2
        ],
        [
          206,
          2
        ],
        [
          210,
          2
        ],
        [
          271,
          2
        ],
        [
          280,
          2
        ],
        [
          287,
          2
        ],
        [
          288,
          2
        ]
      ],
      "page_cache_simulation": {
        "belady_hit_rate": 0.7456826132304483,
        "belady_hits": 80788,
        "belady_miss_rate": 0.2543173867695517,
        "belady_misses": 27553,
        "belady_reuse_hit_rate": 1.0,
        "belady_reuse_hits": 80788,
        "belady_reuse_miss_rate": 0.0,
        "belady_reuse_misses": 0,
        "capacity_blocks": 13333,
        "compulsory_misses": 27553,
        "lru_hit_rate": 0.7390092393461386,
        "lru_hits": 80065,
        "lru_miss_rate": 0.2609907606538614,
        "lru_misses": 28276,
        "lru_reuse_hit_rate": 0.991050651086795,
        "lru_reuse_hits": 80065,
        "lru_reuse_miss_rate": 0.008949348913204931,
        "lru_reuse_misses": 723,
        "reuse_accesses": 80788,
        "total_accesses": 108341
      },
      "trace_path": "results/experiments/headroom_effective_residency_full_20260427/near_real__ps32__mem020__belady_bypass/traces/lru.jsonl",
      "unique_blocks": 29649,
      "unique_nodes": 537
    },
    "secondary_trace_summary": {
      "event_counts": {
        "belady_frontier": 531,
        "cache_budget_enforcement": 6,
        "match_result": 797,
        "node_access": 335,
        "node_created": 534,
        "node_evicted": 530,
        "node_lock": 676,
        "node_split": 3,
        "request_lookup": 797
      },
      "frontier_belady_diff_rate": 0.2509433962264151,
      "frontier_decisions": 530,
      "frontier_same_choice_rate": 0.7490566037735849,
      "lookup_summary": {
        "mean_blocks_per_request": 135.93601003764115,
        "mean_tokens_per_request": 4349.952321204517,
        "request_count": 797,
        "requested_blocks": 108341,
        "requested_tokens": 3466912
      },
      "match_summary": {
        "block_hit_rate": 0.34096971598933,
        "block_miss_rate": 0.65903028401067,
        "matched_blocks": 36941,
        "matched_tokens": 1182112,
        "missed_blocks": 71400,
        "missed_tokens": 2284800,
        "request_count": 797,
        "token_hit_rate": 0.34096971598933,
        "token_miss_rate": 0.65903028401067
      },
      "most_accessed_blocks": [
        [
          -3869084092682661315,
          30
        ],
        [
          197226621136996405,
          30
        ],
        [
          1968789915868551368,
          16
        ],
        [
          -4829019408628508026,
          16
        ],
        [
          5669404983807934864,
          16
        ],
        [
          -918321022106004651,
          16
        ],
        [
          -2172195479160877688,
          16
        ],
        [
          7578470608396286055,
          16
        ],
        [
          -1905775896510556434,
          16
        ],
        [
          4642058593651930567,
          16
        ],
        [
          -6822827565848067594,
          16
        ],
        [
          -8150360827859448581,
          16
        ],
        [
          5532578759175785587,
          16
        ],
        [
          7334527551680814646,
          16
        ],
        [
          2678432598727818235,
          16
        ],
        [
          2000823421391647320,
          16
        ],
        [
          -3959628497979030793,
          16
        ],
        [
          5785416391306916999,
          16
        ],
        [
          -2710516600749587470,
          16
        ],
        [
          -1872265379936683178,
          16
        ]
      ],