{
  "rows": [
    {
      "cold_median_ttft_ms": 53.844894748181105,
      "cold_output_throughput": 78.0044161672286,
      "delta_median_ttft_ms": -6.417971104383469,
      "prompt_len": 4256,
      "row_index": 0,
      "target_recompute_blocks": 1,
      "warm_median_ttft_ms": 60.26286585256457,
      "warm_output_throughput": 77.15120013931751
    },
    {
      "cold_median_ttft_ms": 67.24682729691267,
      "cold_output_throughput": 71.38704802155102,
      "delta_median_ttft_ms": 30.02038039267063,
      "prompt_len": 4288,
      "row_index": 1,
      "target_recompute_blocks": 2,
      "warm_median_ttft_ms": 37.22644690424204,
      "warm_output_throughput": 86.64630620397588
    }
  ]
}