{
  "corr_missed_blocks_vs_ttft": 0.1102063557797005,
  "corr_missed_tokens_vs_ttft": 0.1102063557797005,
  "critical_path_miss_rate": 0.37490879766522023,
  "mean_missed_blocks_per_request": 50.848958333333336,
  "mean_missed_tokens_per_request": 1627.1666666666667,
  "mean_ttft_ms": 283.4555801867585,
  "policy_label": "belady_bypass",
  "request_count": 192,
  "ttft_by_missed_block_bucket_ms": {
    "0": {
      "count": 105,
      "mean_ttft_ms": 277.34897255542734,
      "median_ttft_ms": 185.3939932771027
    },
    "12": {
      "count": 19,
      "mean_ttft_ms": 211.75370377635485,
      "median_ttft_ms": 157.92028233408928
    },
    "140": {
      "count": 53,
      "mean_ttft_ms": 294.5544550037187,
      "median_ttft_ms": 236.65380897000432
    },
    "141": {
      "count": 15,
      "mean_ttft_ms": 377.8081860393286,
      "median_ttft_ms": 347.8400460444391
    }
  }
}