{
  "cache_metrics": {
    "block_hit_rate": {
      "belady_bypass": 0.6425141242937853,
      "lru": 0.632191394972185
    },
    "block_miss_rate": {
      "belady_bypass": 0.3574858757062147,
      "lru": 0.3678086050278149
    },
    "compulsory_misses": 18844,
    "matched_blocks": {
      "belady_bypass": 36392,
      "lru": 35911
    },
    "missed_blocks": {
      "belady_bypass": 20248,
      "lru": 20893
    },
    "primary_trace_summary": {
      "event_counts": {
        "eviction_frontier": 337,
        "match_result": 414,
        "node_access": 358,
        "node_created": 396,
        "node_evicted": 337,
        "node_lock": 827,
        "node_split": 18,
        "request_lookup": 414
      },
      "frontier_belady_diff_rate": 0.0,
      "frontier_decisions": 337,
      "frontier_same_choice_rate": 1.0,
      "lookup_summary": {
        "mean_blocks_per_request": 137.20772946859904,
        "mean_tokens_per_request": 4390.647342995169,
        "request_count": 414,
        "requested_blocks": 56804,
        "requested_tokens": 1817728
      },
      "match_summary": {
        "block_hit_rate": 0.632191394972185,
        "block_miss_rate": 0.3678086050278149,
        "matched_blocks": 35911,
        "matched_tokens": 1149152,
        "missed_blocks": 20893,
        "missed_tokens": 668576,
        "request_count": 414,
        "token_hit_rate": 0.632191394972185,
        "token_miss_rate": 0.3678086050278149
      },
      "most_accessed_blocks": [
        [
          -6219423934077242297,
          19
        ],
        [
          2108118626540954961,
          19
        ],
        [
          -2142939237757151883,
          19
        ],
        [
          5714508077380548727,
          19
        ],
        [
          8746595333958201713,
          19
        ],
        [
          -7168559561992803995,
          19
        ],
        [
          90245501939282078,
          19
        ],
        [
          2159388482170568435,
          19
        ],
        [
          -3490841498606361285,
          19
        ],
        [
          -944826984222439919,
          19
        ],
        [
          -5388996634328206065,
          19
        ],
        [
          -6830152123576708063,
          19
        ],
        [
          3101458952009122592,
          19
        ],
        [
          -3376457701678788070,
          19
        ],
        [
          376009639337704620,
          19
        ],
        [
          8038921461368034767,
          19
        ],
        [
          -1918267533251315928,
          19
        ],
        [
          7987389513046346277,
          19
        ],
        [
          7520186151742336753,
          19
        ],
        [
          -8974560694964723126,
          19
        ]
      ],
      "most_accessed_nodes": [
        [
          97,
          12
        ],
        [
          140,
          12
        ],
        [
          259,
          10
        ],
        [
          9,
          8
        ],
        [
          304,
          8
        ],
        [
          26,
          6
        ],
        [
          89,
          6
        ],
        [
          250,
          6
        ],
        [
          305,
          6
        ],
        [
          63,
          5
        ],
        [
          12,
          4
        ],
        [
          207,
          4
        ],
        [
          233,
          4
        ],
        [
          260,
          4
        ],
        [
          350,
          4
        ],
        [
          391,
          4
        ],
        [
          2,
          3
        ],
        [
          65,
          3
        ],
        [
          124,
          3
        ],
        [
          6,
          2
        ]
      ],
      "page_cache_simulation": {
        "belady_hit_rate": 0.6682627983944792,
        "belady_hits": 37960,
        "belady_miss_rate": 0.3317372016055207,
        "belady_misses": 18844,
        "belady_reuse_hit_rate": 1.0,
        "belady_reuse_hits": 37960,
        "belady_reuse_miss_rate": 0.0,
        "belady_reuse_misses": 0,
        "capacity_blocks": 18666,
        "compulsory_misses": 18844,
        "lru_hit_rate": 0.6682627983944792,
        "lru_hits": 37960,
        "lru_miss_rate": 0.3317372016055207,
        "lru_misses": 18844,
        "lru_reuse_hit_rate": 1.0,
        "lru_reuse_hits": 37960,
        "lru_reuse_miss_rate": 0.0,
        "lru_reuse_misses": 0,
        "reuse_accesses": 37960,
        "total_accesses": 56804
      },
      "trace_path": "results/experiments/headroom_critical_path_full_20260427/optimistic__ps32__mem028__belady_bypass/traces/lru.jsonl",
      "unique_blocks": 19020,
      "unique_nodes": 414
    },
    "secondary_trace_summary": {
      "event_counts": {
        "belady_frontier": 358,
        "cache_budget_enforcement": 118,
        "match_result": 412,
        "node_access": 385,
        "node_created": 394,
        "node_evicted": 357,
        "node_lock": 913,
        "node_split": 11,
        "request_lookup": 412
      },
      "frontier_belady_diff_rate": 0.969187675070028,
      "frontier_decisions": 357,
      "frontier_same_choice_rate": 0.03081232492997199,
      "lookup_summary": {
        "mean_blocks_per_request": 137.4757281553398,
        "mean_tokens_per_request": 4399.223300970873,
        "request_count": 412,
        "requested_blocks": 56640,
        "requested_tokens": 1812480
      },
      "match_summary": {
        "block_hit_rate": 0.6425141242937853,
        "block_miss_rate": 0.3574858757062147,
        "matched_blocks": 36392,
        "matched_tokens": 1164544,
        "missed_blocks": 20248,
        "missed_tokens": 647936,
        "request_count": 412,
        "token_hit_rate": 0.6425141242937853,
        "token_miss_rate": 0.3574858757062147
      },
      "most_accessed_blocks": [
        [
          -6219423934077242297,
          19
        ],
        [
          2108118626540954961,
          19
        ],
        [
          -2142939237757151883,
          19
        ],
        [
          5714508077380548727,
          19
        ],
        [
          8746595333958201713,
          19
        ],
        [
          -7168559561992803995,
          19
        ],
        [
          90245501939282078,
          19
        ],
        [
          2159388482170568435,
          19
        ],
        [
          -3490841498606361285,
          19
        ],
        [
          -944826984222439919,
          19
        ],
        [
          -5388996634328206065,
          19
        ],
        [
          -6830152123576708063,
          19
        ],
        [
          3101458952009122592,
          19
        ],
        [
          -3376457701678788070,
          19
        ],
        [
          376009639337704620,
          19
        ],
        [
          8038921461368034767,
          19
        ],
        [
          -1918267533251315928,
          19
        ],
        [
          7987389513046346277,
          19
        ],
        [
          7520186151742336753,
          19
        ],
        [
          -8974560694964723126,
          19
        ]
      ],