{
  "rows": [
    {
      "cold_median_ttft_ms": 79.99261189252138,
      "cold_output_throughput": 93.71095322580157,
      "delta_median_ttft_ms": 12.407985981553793,
      "prompt_len": 26276,
      "row_index": 0,
      "target_recompute_blocks": null,
      "warm_median_ttft_ms": 67.58462591096759,
      "warm_output_throughput": 98.86985777842152
    },
    {
      "cold_median_ttft_ms": 103.81764685735106,
      "cold_output_throughput": 85.32176372082037,
      "delta_median_ttft_ms": -19.064619205892086,
      "prompt_len": 20448,
      "row_index": 1,
      "target_recompute_blocks": null,
      "warm_median_ttft_ms": 122.88226606324315,
      "warm_output_throughput": 110.58059126964692
    }
  ]
}