{
  "serving_metrics": {
    "request_throughput": {
      "lru": 13.319714196714461,
      "belady": 13.347110150272078
    },
    "output_throughput": {
      "lru": 267.16272898409966,
      "belady": 267.71222859103415
    },
    "median_ttft_ms": {
      "lru": 7793.157275300473,
      "belady": 7733.998521231115
    },
    "p99_ttft_ms": {
      "lru": 9403.160899225622,
      "belady": 9420.052449335344
    },
    "median_itl_ms": {
      "lru": 9.895089082419872,
      "belady": 12.459984049201012
    },
    "p99_itl_ms": {
      "lru": 685.2003177441657,
      "belady": 724.0699614305046
    },
    "median_e2e_latency_ms": {
      "lru": 9296.15670000203,
      "belady": 9243.888585828245
    },
    "p99_e2e_latency_ms": {
      "lru": 10973.082300787797,
      "belady": 10770.828787377104
    }
  },
  "cache_metrics": {
    "lru_cache_hit_rate_server": null,
    "belady_cache_hit_rate_server": null,
    "hbm_hit_count_lru": 142785,
    "hbm_miss_count_lru": 70258,
    "hbm_hit_rate_lru": 0.6702168106907995,
    "hbm_miss_rate_lru": 0.3297831893092005,
    "hbm_hit_count_belady": 144160,
    "hbm_miss_count_belady": 69676,
    "hbm_hit_rate_belady": 0.6741615069492508,
    "hbm_miss_rate_belady": 0.3258384930507492,
    "lru_trace_summary": {
      "trace_path": "results/remote_sync/fcfs_static_prefix/natural-hotset-one-shot-hbm/mc-128__20260419T175022Z/traces/lru.jsonl",
      "lookup_summary": {
        "request_count": 1068,
        "requested_blocks": 213043,
        "requested_tokens": 3408688,
        "mean_blocks_per_request": 199.47846441947564,
        "mean_tokens_per_request": 3191.6554307116103
      },
      "page_cache_simulation": {
        "capacity_blocks": 16000,
        "total_accesses": 213043,
        "lru_hits": 142785,
        "lru_misses": 70258,
        "lru_hit_rate": 0.6702168106907995,
        "lru_miss_rate": 0.3297831893092005,
        "compulsory_misses": 69676,
        "reuse_accesses": 143367,
        "lru_reuse_hits": 142785,
        "lru_reuse_misses": 582,
        "lru_reuse_hit_rate": 0.9959404883969114,
        "lru_reuse_miss_rate": 0.0040595116030885765
      }
    },
    "belady_trace_summary": {
      "trace_path": "results/remote_sync/fcfs_static_prefix/natural-hotset-one-shot-hbm/mc-128__20260419T175022Z/traces/belady.jsonl",
      "lookup_summary": {
        "request_count": 1067,
        "requested_blocks": 213836,
        "requested_tokens": 3421376,
        "mean_blocks_per_request": 200.40862230552952,
        "mean_tokens_per_request": 3206.5379568884723
      },
      "page_cache_simulation": {
        "capacity_blocks": 16000,
        "total_accesses": 213836,
        "belady_hits": 144160,
        "belady_misses": 69676,
        "belady_hit_rate": 0.6741615069492508,
        "belady_miss_rate": 0.3258384930507492,
        "compulsory_misses": 69676,
        "reuse_accesses": 144160,
        "belady_reuse_hits": 144160,
        "belady_reuse_misses": 0,
        "belady_reuse_hit_rate": 1.0,
        "belady_reuse_miss_rate": 0.0
      }
    }
  },
  "transfer_proxy_bytes": {
    "lru": 147341705216,
    "belady": 146121162752,
    "delta": -1220542464,
    "pct_delta": -0.008283754163226964
  }
}