{
  "corr_missed_blocks_vs_ttft": 0.0414558564015228,
  "corr_missed_tokens_vs_ttft": 0.0414558564015228,
  "critical_path_miss_rate": 0.5915735812279781,
  "mean_missed_blocks_per_request": 82.19791666666667,
  "mean_missed_tokens_per_request": 2630.3333333333335,
  "mean_ttft_ms": 950.012228024813,
  "policy_label": "belady_bypass",
  "request_count": 192,
  "ttft_by_missed_block_bucket_ms": {
    "0": {
      "count": 76,
      "mean_ttft_ms": 924.1738294827213,
      "median_ttft_ms": 999.9394458718598
    },
    "12": {
      "count": 3,
      "mean_ttft_ms": 1043.9460988466938,
      "median_ttft_ms": 1011.3239041529596
    },
    "140": {
      "count": 72,
      "mean_ttft_ms": 1041.1316522125464,
      "median_ttft_ms": 1060.6766974087805
    },
    "141": {
      "count": 40,
      "mean_ttft_ms": 827.2076693596318,
      "median_ttft_ms": 855.7347294408828
    },
    "26": {
      "count": 1,
      "mean_ttft_ms": 983.5127098485827,
      "median_ttft_ms": 983.5127098485827
    }
  }
}