{
  "cache_metrics": {
    "block_hit_rate": {
      "belady_bypass": 0.6547897610437495,
      "lru": 0.6506806875918353
    },
    "block_miss_rate": {
      "belady_bypass": 0.34521023895625047,
      "lru": 0.3493193124081647
    },
    "compulsory_misses": 18844,
    "matched_blocks": {
      "belady_bypass": 36938,
      "lru": 36755
    },
    "missed_blocks": {
      "belady_bypass": 19474,
      "lru": 19732
    },
    "primary_trace_summary": {
      "event_counts": {
        "eviction_frontier": 246,
        "match_result": 411,
        "node_access": 388,
        "node_created": 392,
        "node_evicted": 246,
        "node_lock": 922,
        "node_split": 13,
        "request_lookup": 411
      },
      "frontier_belady_diff_rate": 0.0,
      "frontier_decisions": 246,
      "frontier_same_choice_rate": 1.0,
      "lookup_summary": {
        "mean_blocks_per_request": 137.43795620437956,
        "mean_tokens_per_request": 4398.014598540146,
        "request_count": 411,
        "requested_blocks": 56487,
        "requested_tokens": 1807584
      },
      "match_summary": {
        "block_hit_rate": 0.6506806875918353,
        "block_miss_rate": 0.3493193124081647,
        "matched_blocks": 36755,
        "matched_tokens": 1176160,
        "missed_blocks": 19732,
        "missed_tokens": 631424,
        "request_count": 411,
        "token_hit_rate": 0.6506806875918353,
        "token_miss_rate": 0.3493193124081647
      },
      "most_accessed_blocks": [
        [
          -6219423934077242297,
          19
        ],
        [
          2108118626540954961,
          19
        ],
        [
          -2142939237757151883,
          19
        ],
        [
          5714508077380548727,
          19
        ],
        [
          8746595333958201713,
          19
        ],
        [
          -7168559561992803995,
          19
        ],
        [
          90245501939282078,
          19
        ],
        [
          2159388482170568435,
          19
        ],
        [
          -3490841498606361285,
          19
        ],
        [
          -944826984222439919,
          19
        ],
        [
          -5388996634328206065,
          19
        ],
        [
          -6830152123576708063,
          19
        ],
        [
          3101458952009122592,
          19
        ],
        [
          -3376457701678788070,
          19
        ],
        [
          376009639337704620,
          19
        ],
        [
          8038921461368034767,
          19
        ],
        [
          -1918267533251315928,
          19
        ],
        [
          7987389513046346277,
          19
        ],
        [
          7520186151742336753,
          19
        ],
        [
          -8974560694964723126,
          19
        ]
      ],
      "most_accessed_nodes": [
        [
          12,
          18
        ],
        [
          22,
          16
        ],
        [
          89,
          14
        ],
        [
          26,
          12
        ],
        [
          98,
          12
        ],
        [
          139,
          12
        ],
        [
          63,
          11
        ],
        [
          254,
          10
        ],
        [
          65,
          9
        ],
        [
          9,
          8
        ],
        [
          245,
          8
        ],
        [
          298,
          6
        ],
        [
          205,
          4
        ],
        [
          343,
          4
        ],
        [
          384,
          4
        ],
        [
          2,
          3
        ],
        [
          123,
          3
        ],
        [
          6,
          2
        ],
        [
          8,
          2
        ],
        [
          16,
          2
        ]
      ],
      "page_cache_simulation": {
        "belady_hit_rate": 0.6664011188415033,
        "belady_hits": 37643,
        "belady_miss_rate": 0.3335988811584966,
        "belady_misses": 18844,
        "belady_reuse_hit_rate": 1.0,
        "belady_reuse_hits": 37643,
        "belady_reuse_miss_rate": 0.0,
        "belady_reuse_misses": 0,
        "capacity_blocks": 24000,
        "compulsory_misses": 18844,
        "lru_hit_rate": 0.6664011188415033,
        "lru_hits": 37643,
        "lru_miss_rate": 0.3335988811584966,
        "lru_misses": 18844,
        "lru_reuse_hit_rate": 1.0,
        "lru_reuse_hits": 37643,
        "lru_reuse_miss_rate": 0.0,
        "lru_reuse_misses": 0,
        "reuse_accesses": 37643,
        "total_accesses": 56487
      },
      "trace_path": "results/experiments/headroom_critical_path_full_20260427/optimistic__ps32__mem036__belady_bypass/traces/lru.jsonl",
      "unique_blocks": 19019,
      "unique_nodes": 405
    },
    "secondary_trace_summary": {
      "event_counts": {
        "belady_frontier": 317,
        "cache_budget_enforcement": 104,
        "match_result": 410,
        "node_access": 392,
        "node_created": 392,
        "node_evicted": 316,
        "node_lock": 938,
        "node_split": 12,
        "request_lookup": 410
      },
      "frontier_belady_diff_rate": 0.9873417721518988,
      "frontier_decisions": 316,
      "frontier_same_choice_rate": 0.012658227848101266,
      "lookup_summary": {
        "mean_blocks_per_request": 137.59024390243903,
        "mean_tokens_per_request": 4402.887804878049,
        "request_count": 410,
        "requested_blocks": 56412,
        "requested_tokens": 1805184
      },
      "match_summary": {
        "block_hit_rate": 0.6547897610437495,
        "block_miss_rate": 0.34521023895625047,
        "matched_blocks": 36938,
        "matched_tokens": 1182016,
        "missed_blocks": 19474,
        "missed_tokens": 623168,
        "request_count": 410,
        "token_hit_rate": 0.6547897610437495,
        "token_miss_rate": 0.34521023895625047
      },
      "most_accessed_blocks": [
        [
          -6219423934077242297,
          19
        ],
        [
          2108118626540954961,
          19
        ],
        [
          -2142939237757151883,
          19
        ],
        [
          5714508077380548727,
          19
        ],
        [
          8746595333958201713,
          19
        ],
        [
          -7168559561992803995,
          19
        ],
        [
          90245501939282078,
          19
        ],
        [
          2159388482170568435,
          19
        ],
        [
          -3490841498606361285,
          19
        ],
        [
          -944826984222439919,
          19
        ],
        [
          -5388996634328206065,
          19
        ],
        [
          -6830152123576708063,
          19
        ],
        [
          3101458952009122592,
          19
        ],
        [
          -3376457701678788070,
          19
        ],
        [
          376009639337704620,
          19
        ],
        [
          8038921461368034767,
          19
        ],
        [
          -1918267533251315928,
          19
        ],
        [
          7987389513046346277,
          19
        ],
        [
          7520186151742336753,
          19
        ],
        [
          -8974560694964723126,
          19
        ]
      ],