{
  "corr_missed_blocks_vs_ttft": 0.09975607865439323,
  "corr_missed_tokens_vs_ttft": 0.09975607865439323,
  "critical_path_miss_rate": 0.36995507084981377,
  "mean_missed_blocks_per_request": 50.177083333333336,
  "mean_missed_tokens_per_request": 1605.6666666666667,
  "mean_ttft_ms": 284.7988652841498,
  "policy_label": "lru",
  "request_count": 192,
  "ttft_by_missed_block_bucket_ms": {
    "0": {
      "count": 105,
      "mean_ttft_ms": 282.74958994949145,
      "median_ttft_ms": 195.9361918270588
    },
    "12": {
      "count": 20,
      "mean_ttft_ms": 202.50666588544846,
      "median_ttft_ms": 150.53738397546113
    },
    "140": {
      "count": 53,
      "mean_ttft_ms": 289.6280400894301,
      "median_ttft_ms": 241.12938484176993
    },
    "141": {
      "count": 14,
      "mean_ttft_ms": 399.4468391008143,
      "median_ttft_ms": 415.90794222429395
    }
  }
}