{
  "event_counts": {
    "eviction_frontier": 454,
    "match_result": 755,
    "node_access": 424,
    "node_created": 553,
    "node_evicted": 454,
    "node_lock": 870,
    "node_split": 6,
    "request_lookup": 755
  },
  "frontier_belady_diff_rate": 0.0,
  "frontier_decisions": 454,
  "frontier_same_choice_rate": 1.0,
  "lookup_summary": {
    "mean_blocks_per_request": 134.56026490066225,
    "mean_tokens_per_request": 4305.928476821192,
    "request_count": 755,
    "requested_blocks": 101593,
    "requested_tokens": 3250976
  },
  "match_summary": {
    "block_hit_rate": 0.3894559664543817,
    "block_miss_rate": 0.6105440335456183,
    "matched_blocks": 39566,
    "matched_tokens": 1266112,
    "missed_blocks": 62027,
    "missed_tokens": 1984864,
    "request_count": 755,
    "token_hit_rate": 0.3894559664543817,
    "token_miss_rate": 0.6105440335456183
  },
  "most_accessed_blocks": [
    [
      -3869084092682661315,
      28
    ],
    [
      197226621136996405,
      28
    ],
    [
      104146506824405095,
      15
    ],
    [
      8337628953960930572,
      15
    ],
    [
      7133547597855377516,
      15
    ],
    [
      -2343845935044241822,
      15
    ],
    [
      3350727339894314802,
      15
    ],
    [
      -4821533165403716990,
      15
    ],
    [
      -6668174147646226078,
      15
    ],
    [
      -8105459994682744455,
      15
    ],
    [
      8606840162461221402,
      15
    ],
    [
      -4779674906742633124,
      15
    ],
    [
      -2477788735986272585,
      15
    ],
    [
      -7771269912708168160,
      15
    ],
    [
      686780953365226401,
      15
    ],
    [
      -3537274686947957082,
      15
    ],
    [
      -893266927313994960,
      15
    ],
    [
      -7158428268064975971,
      15
    ],
    [
      -7131532611522038010,
      15
    ],
    [
      -3167831319882547264,
      15
    ]
  ],
  "most_accessed_nodes": [
    [
      23,
      20
    ],
    [
      206,
      10
    ],
    [
      198,
      5
    ],
    [
      134,
      4
    ],
    [
      428,
      4
    ],
    [
      2,
      3
    ],
    [
      8,
      3
    ],
    [
      21,
      3
    ],
    [
      45,
      3
    ],
    [
      57,
      3
    ],
    [
      209,
      3
    ],
    [
      255,
      3
    ],
    [
      286,
      3
    ],
    [
      330,
      3
    ],
    [
      418,
      3
    ],
    [
      432,
      3
    ],
    [
      7,
      2
    ],
    [
      9,
      2
    ],
    [
      12,
      2
    ],
    [
      16,
      2
    ]
  ],
  "page_cache_simulation": {
    "belady_hit_rate": 0.7288297422066481,
    "belady_hits": 74044,
    "belady_miss_rate": 0.2711702577933519,
    "belady_misses": 27549,
    "belady_reuse_hit_rate": 1.0,
    "belady_reuse_hits": 74044,
    "belady_reuse_miss_rate": 0.0,
    "belady_reuse_misses": 0,
    "capacity_blocks": 21333,
    "compulsory_misses": 27549,
    "lru_hit_rate": 0.7271268689771934,
    "lru_hits": 73871,
    "lru_miss_rate": 0.2728731310228067,
    "lru_misses": 27722,
    "lru_reuse_hit_rate": 0.9976635514018691,
    "lru_reuse_hits": 73871,
    "lru_reuse_miss_rate": 0.002336448598130841,
    "lru_reuse_misses": 173,
    "reuse_accesses": 74044,
    "total_accesses": 101593
  },
  "trace_path": "results/experiments/headroom_effective_residency_full_20260427/near_real__ps32__mem032__belady/traces/lru.jsonl",
  "unique_blocks": 29600,
  "unique_nodes": 558
}