{
  "event_counts": {
    "belady_frontier": 8,
    "cache_budget_enforcement": 3,
    "match_result": 36,
    "node_access": 26,
    "node_created": 33,
    "node_evicted": 7,
    "node_lock": 58,
    "node_split": 2,
    "request_lookup": 36
  },
  "frontier_belady_diff_rate": 1.0,
  "frontier_decisions": 7,
  "frontier_same_choice_rate": 0.0,
  "lookup_summary": {
    "mean_blocks_per_request": 138.77777777777777,
    "mean_tokens_per_request": 4440.888888888889,
    "request_count": 36,
    "requested_blocks": 4996,
    "requested_tokens": 159872
  },
  "match_summary": {
    "block_hit_rate": 0.6016813450760609,
    "block_miss_rate": 0.39831865492393914,
    "matched_blocks": 3006,
    "matched_tokens": 96192,
    "missed_blocks": 1990,
    "missed_tokens": 63680,
    "request_count": 36,
    "token_hit_rate": 0.6016813450760609,
    "token_miss_rate": 0.39831865492393914
  },
  "most_accessed_blocks": [
    [
      -3619060667456152189,
      6
    ],
    [
      -2925137467156744090,
      6
    ],
    [
      3519712371462696419,
      6
    ],
    [
      4950304959862377488,
      6
    ],
    [
      -2943485850205522398,
      6
    ],
    [
      -6825736995701283835,
      6
    ],
    [
      2059885870603558545,
      6
    ],
    [
      -211088816779009688,
      6
    ],
    [
      7216832899845994796,
      6
    ],
    [
      9219505412617323262,
      6
    ],
    [
      8475106389885431024,
      6
    ],
    [
      -4759350196117885223,
      6
    ],
    [
      6526299155310141790,
      6
    ],
    [
      -3969296515225037650,
      6
    ],
    [
      -2433632275904380207,
      6
    ],
    [
      5447584756555169839,
      6
    ],
    [
      -344750198397395518,
      6
    ],
    [
      4217751187859174789,
      6
    ],
    [
      -5184797546954757463,
      6
    ],
    [
      -6568050863113443514,
      6
    ]
  ],
  "most_accessed_nodes": [
    [
      2,
      3
    ],
    [
      7,
      2
    ],
    [
      9,
      2
    ],
    [
      12,
      2
    ],
    [
      33,
      2
    ],
    [
      4,
      1
    ],
    [
      5,
      1
    ],
    [
      8,
      1
    ],
    [
      10,
      1
    ],
    [
      11,
      1
    ],
    [
      13,
      1
    ],
    [
      14,
      1
    ],
    [
      15,
      1
    ],
    [
      16,
      1
    ],
    [
      22,
      1
    ],
    [
      23,
      1
    ],
    [
      24,
      1
    ],
    [
      25,
      1
    ],
    [
      32,
      1
    ],
    [
      34,
      1
    ]
  ],
  "page_cache_simulation": {
    "belady_hit_rate": 0.6014811849479583,
    "belady_hits": 3005,
    "belady_miss_rate": 0.3985188150520416,
    "belady_misses": 1991,
    "belady_reuse_hit_rate": 1.0,
    "belady_reuse_hits": 3005,
    "belady_reuse_miss_rate": 0.0,
    "belady_reuse_misses": 0,
    "capacity_blocks": 16000,
    "compulsory_misses": 1991,
    "lru_hit_rate": 0.6014811849479583,
    "lru_hits": 3005,
    "lru_miss_rate": 0.3985188150520416,
    "lru_misses": 1991,
    "lru_reuse_hit_rate": 1.0,
    "lru_reuse_hits": 3005,
    "lru_reuse_miss_rate": 0.0,
    "lru_reuse_misses": 0,
    "reuse_accesses": 3005,
    "total_accesses": 4996
  },
  "trace_path": "results/experiments/headroom_critical_path_pilot/optimistic__ps32__mem024__belady_bypass/traces/belady.jsonl",
  "unique_blocks": 2006,
  "unique_nodes": 35
}