{
  "event_counts": {
    "belady_frontier": 403,
    "match_result": 564,
    "node_access": 296,
    "node_created": 404,
    "node_evicted": 403,
    "node_lock": 627,
    "node_split": 10,
    "request_lookup": 564
  },
  "frontier_belady_diff_rate": 0.2655086848635236,
  "frontier_decisions": 403,
  "frontier_same_choice_rate": 0.7344913151364765,
  "lookup_summary": {
    "mean_blocks_per_request": 138.69148936170214,
    "mean_tokens_per_request": 4438.127659574468,
    "request_count": 564,
    "requested_blocks": 78222,
    "requested_tokens": 2503104
  },
  "match_summary": {
    "block_hit_rate": 0.42316739536191866,
    "block_miss_rate": 0.5768326046380814,
    "matched_blocks": 33101,
    "matched_tokens": 1059232,
    "missed_blocks": 45121,
    "missed_tokens": 1443872,
    "request_count": 564,
    "token_hit_rate": 0.42316739536191866,
    "token_miss_rate": 0.5768326046380814
  },
  "most_accessed_blocks": [
    [
      -6219423934077242297,
      28
    ],
    [
      2108118626540954961,
      28
    ],
    [
      -2142939237757151883,
      28
    ],
    [
      5714508077380548727,
      28
    ],
    [
      8746595333958201713,
      28
    ],
    [
      -7168559561992803995,
      28
    ],
    [
      90245501939282078,
      28
    ],
    [
      2159388482170568435,
      28
    ],
    [
      -3490841498606361285,
      28
    ],
    [
      -944826984222439919,
      28
    ],
    [
      -5388996634328206065,
      28
    ],
    [
      -6830152123576708063,
      28
    ],
    [
      3101458952009122592,
      28
    ],
    [
      -3376457701678788070,
      28
    ],
    [
      376009639337704620,
      28
    ],
    [
      8038921461368034767,
      28
    ],
    [
      -1918267533251315928,
      28
    ],
    [
      7987389513046346277,
      28
    ],
    [
      7520186151742336753,
      28
    ],
    [
      -8974560694964723126,
      28
    ]
  ],
  "most_accessed_nodes": [
    [
      263,
      8
    ],
    [
      56,
      5
    ],
    [
      246,
      4
    ],
    [
      402,
      4
    ],
    [
      2,
      3
    ],
    [
      7,
      2
    ],
    [
      13,
      2
    ],
    [
      19,
      2
    ],
    [
      24,
      2
    ],
    [
      40,
      2
    ],
    [
      52,
      2
    ],
    [
      59,
      2
    ],
    [
      63,
      2
    ],
    [
      73,
      2
    ],
    [
      79,
      2
    ],
    [
      80,
      2
    ],
    [
      87,
      2
    ],
    [
      92,
      2
    ],
    [
      107,
      2
    ],
    [
      130,
      2
    ]
  ],
  "page_cache_simulation": {
    "belady_hit_rate": 0.7590959065224617,
    "belady_hits": 59378,
    "belady_miss_rate": 0.2409040934775383,
    "belady_misses": 18844,
    "belady_reuse_hit_rate": 1.0,
    "belady_reuse_hits": 59378,
    "belady_reuse_miss_rate": 0.0,
    "belady_reuse_misses": 0,
    "capacity_blocks": 13333,
    "compulsory_misses": 18844,
    "lru_hit_rate": 0.7574467541100969,
    "lru_hits": 59249,
    "lru_miss_rate": 0.2425532458899031,
    "lru_misses": 18973,
    "lru_reuse_hit_rate": 0.9978274781905756,
    "lru_reuse_hits": 59249,
    "lru_reuse_miss_rate": 0.002172521809424366,
    "lru_reuse_misses": 129,
    "reuse_accesses": 59378,
    "total_accesses": 78222
  },
  "trace_path": "results/experiments/headroom_critical_path_full_20260427/optimistic__ps32__mem020__belady/traces/belady.jsonl",
  "unique_blocks": 19020,
  "unique_nodes": 414
}