{
  "event_counts": {
    "eviction_frontier": 911,
    "match_result": 1617,
    "node_access": 1824,
    "node_created": 777,
    "node_evicted": 911,
    "node_lock": 4543,
    "node_split": 165,
    "request_lookup": 1617
  },
  "frontier_belady_diff_rate": 0.0,
  "frontier_decisions": 911,
  "frontier_same_choice_rate": 1.0,
  "lookup_summary": {
    "mean_blocks_per_request": 34.70995670995671,
    "mean_tokens_per_request": 4442.8744588744585,
    "request_count": 1617,
    "requested_blocks": 56126,
    "requested_tokens": 7184128
  },
  "match_summary": {
    "block_hit_rate": 0.6465096390264762,
    "block_miss_rate": 0.3534903609735239,
    "matched_blocks": 36286,
    "matched_tokens": 4644608,
    "missed_blocks": 19840,
    "missed_tokens": 2539520,
    "request_count": 1617,
    "token_hit_rate": 0.6465096390264762,
    "token_miss_rate": 0.3534903609735239
  },
  "most_accessed_blocks": [
    [
      -1819386159381714546,
      64
    ],
    [
      7524980330883629316,
      64
    ],
    [
      -1361455406261426199,
      64
    ],
    [
      7896684229542009373,
      64
    ],
    [
      -7036112748724244192,
      64
    ],
    [
      -7647090671564072778,
      64
    ],
    [
      4809610506208157378,
      64
    ],
    [
      -7846370978842946203,
      64
    ],
    [
      707328806154072097,
      64
    ],
    [
      -7903138702216807058,
      64
    ],
    [
      -7780396073877026639,
      64
    ],
    [
      -8577638930296827154,
      64
    ],
    [
      -8281601556954687780,
      63
    ],
    [
      5654975522501403695,
      63
    ],
    [
      -1119520211544899768,
      63
    ],
    [
      9126667149522803427,
      63
    ],
    [
      -8823805336221460014,
      63
    ],
    [
      1613093700900135907,
      63
    ],
    [
      -2186899967742330583,
      63
    ],
    [
      2691976454234983989,
      63
    ]
  ],
  "most_accessed_nodes": [
    [
      302,
      18
    ],
    [
      650,
      17
    ],
    [
      320,
      16
    ],
    [
      382,
      16
    ],
    [
      635,
      15
    ],
    [
      667,
      15
    ],
    [
      54,
      14
    ],
    [
      175,
      13
    ],
    [
      510,
      13
    ],
    [
      536,
      13
    ],
    [
      665,
      13
    ],
    [
      244,
      12
    ],
    [
      834,
      12
    ],
    [
      62,
      11
    ],
    [
      179,
      11
    ],
    [
      538,
      11
    ],
    [
      780,
      11
    ],
    [
      746,
      10
    ],
    [
      186,
      9
    ],
    [
      205,
      9
    ]
  ],
  "page_cache_simulation": {
    "belady_hit_rate": 0.9361436767273634,
    "belady_hits": 52542,
    "belady_miss_rate": 0.06385632327263657,
    "belady_misses": 3584,
    "belady_reuse_hit_rate": 1.0,
    "belady_reuse_hits": 52542,
    "belady_reuse_miss_rate": 0.0,
    "belady_reuse_misses": 0,
    "capacity_blocks": 16000,
    "compulsory_misses": 3584,
    "lru_hit_rate": 0.9361436767273634,
    "lru_hits": 52542,
    "lru_miss_rate": 0.06385632327263657,
    "lru_misses": 3584,
    "lru_reuse_hit_rate": 1.0,
    "lru_reuse_hits": 52542,
    "lru_reuse_miss_rate": 0.0,
    "lru_reuse_misses": 0,
    "reuse_accesses": 52542,
    "total_accesses": 56126
  },
  "trace_path": "runs/experiments/adversarial_fcfs_page_size/fcfs_matrix__20260420T183610Z/natural-tenant-rotation-gap__ps-128/traces/lru.jsonl",
  "unique_blocks": 3584,
  "unique_nodes": 942
}