{
  "event_counts": {
    "belady_frontier": 548,
    "match_result": 700,
    "node_access": 869,
    "node_created": 518,
    "node_evicted": 548,
    "node_lock": 2138,
    "node_split": 66,
    "request_lookup": 700
  },
  "frontier_belady_diff_rate": 0.6040145985401459,
  "frontier_decisions": 548,
  "frontier_same_choice_rate": 0.395985401459854,
  "lookup_summary": {
    "mean_blocks_per_request": 193.86428571428573,
    "mean_tokens_per_request": 6203.657142857143,
    "request_count": 700,
    "requested_blocks": 135705,
    "requested_tokens": 4342560
  },
  "match_summary": {
    "block_hit_rate": 0.6195571275929406,
    "block_miss_rate": 0.38044287240705943,
    "matched_blocks": 84077,
    "matched_tokens": 2690464,
    "missed_blocks": 51628,
    "missed_tokens": 1652096,
    "request_count": 700,
    "token_hit_rate": 0.6195571275929406,
    "token_miss_rate": 0.38044287240705943
  },
  "most_accessed_blocks": [
    [
      -7578617852256129585,
      43
    ],
    [
      7625558590105881722,
      43
    ],
    [
      -4651244935830146108,
      43
    ],
    [
      -3993429340380176667,
      43
    ],
    [
      -2227134433610991770,
      43
    ],
    [
      5364051862584822913,
      43
    ],
    [
      6754229875605797664,
      43
    ],
    [
      7986418573166631639,
      43
    ],
    [
      -1782118377212242102,
      43
    ],
    [
      1439522473589988236,
      43
    ],
    [
      -3221550396776432186,
      43
    ],
    [
      8486720412160880854,
      43
    ],
    [
      8234882679128404196,
      43
    ],
    [
      -3109958614000344591,
      43
    ],
    [
      2248239658488001668,
      43
    ],
    [
      2405221191506174228,
      43
    ],
    [
      -2056827777137643570,
      43
    ],
    [
      -1232654796612077304,
      43
    ],
    [
      2373101460066469185,
      43
    ],
    [
      6179706500093036861,
      43
    ]
  ],
  "most_accessed_nodes": [
    [
      11,
      15
    ],
    [
      441,
      14
    ],
    [
      271,
      13
    ],
    [
      324,
      13
    ],
    [
      489,
      13
    ],
    [
      20,
      12
    ],
    [
      51,
      12
    ],
    [
      454,
      12
    ],
    [
      31,
      11
    ],
    [
      192,
      11
    ],
    [
      327,
      11
    ],
    [
      276,
      10
    ],
    [
      452,
      10
    ],
    [
      106,
      9
    ],
    [
      135,
      9
    ],
    [
      194,
      9
    ],
    [
      279,
      9
    ],
    [
      330,
      9
    ],
    [
      473,
      9
    ],
    [
      58,
      8
    ]
  ],
  "page_cache_simulation": {
    "belady_hit_rate": 0.926546553185218,
    "belady_hits": 125737,
    "belady_miss_rate": 0.07345344681478207,
    "belady_misses": 9968,
    "belady_reuse_hit_rate": 1.0,
    "belady_reuse_hits": 125737,
    "belady_reuse_miss_rate": 0.0,
    "belady_reuse_misses": 0,
    "capacity_blocks": 16000,
    "compulsory_misses": 9968,
    "lru_hit_rate": 0.926546553185218,
    "lru_hits": 125737,
    "lru_miss_rate": 0.07345344681478207,
    "lru_misses": 9968,
    "lru_reuse_hit_rate": 1.0,
    "lru_reuse_hits": 125737,
    "lru_reuse_miss_rate": 0.0,
    "lru_reuse_misses": 0,
    "reuse_accesses": 125737,
    "total_accesses": 135705
  },
  "trace_path": "results/experiments/headroom_effective_residency_full_20260427/optimistic__ps32__mem024__belady/traces/belady.jsonl",
  "unique_blocks": 10142,
  "unique_nodes": 584
}