{
  "event_counts": {
    "eviction_frontier": 454,
    "match_result": 754,
    "node_access": 423,
    "node_created": 553,
    "node_evicted": 454,
    "node_lock": 870,
    "node_split": 6,
    "request_lookup": 754
  },
  "frontier_belady_diff_rate": 0.0,
  "frontier_decisions": 454,
  "frontier_same_choice_rate": 1.0,
  "lookup_summary": {
    "mean_blocks_per_request": 133.78779840848807,
    "mean_tokens_per_request": 4281.209549071618,
    "request_count": 754,
    "requested_blocks": 100876,
    "requested_tokens": 3228032
  },
  "match_summary": {
    "block_hit_rate": 0.3845116777033189,
    "block_miss_rate": 0.615488322296681,
    "matched_blocks": 38788,
    "matched_tokens": 1241216,
    "missed_blocks": 62088,
    "missed_tokens": 1986816,
    "request_count": 754,
    "token_hit_rate": 0.3845116777033189,
    "token_miss_rate": 0.615488322296681
  },
  "most_accessed_blocks": [
    [
      -3869084092682661315,
      28
    ],
    [
      197226621136996405,
      28
    ],
    [
      104146506824405095,
      14
    ],
    [
      8337628953960930572,
      14
    ],
    [
      7133547597855377516,
      14
    ],
    [
      -2343845935044241822,
      14
    ],
    [
      3350727339894314802,
      14
    ],
    [
      -4821533165403716990,
      14
    ],
    [
      -6668174147646226078,
      14
    ],
    [
      -8105459994682744455,
      14
    ],
    [
      8606840162461221402,
      14
    ],
    [
      -4779674906742633124,
      14
    ],
    [
      -2477788735986272585,
      14
    ],
    [
      -7771269912708168160,
      14
    ],
    [
      686780953365226401,
      14
    ],
    [
      -3537274686947957082,
      14
    ],
    [
      -893266927313994960,
      14
    ],
    [
      -7158428268064975971,
      14
    ],
    [
      -7131532611522038010,
      14
    ],
    [
      -3167831319882547264,
      14
    ]
  ],
  "most_accessed_nodes": [
    [
      25,
      20
    ],
    [
      204,
      9
    ],
    [
      196,
      5
    ],
    [
      42,
      4
    ],
    [
      133,
      4
    ],
    [
      428,
      4
    ],
    [
      2,
      3
    ],
    [
      8,
      3
    ],
    [
      21,
      3
    ],
    [
      46,
      3
    ],
    [
      57,
      3
    ],
    [
      207,
      3
    ],
    [
      254,
      3
    ],
    [
      329,
      3
    ],
    [
      418,
      3
    ],
    [
      432,
      3
    ],
    [
      6,
      2
    ],
    [
      9,
      2
    ],
    [
      11,
      2
    ],
    [
      16,
      2
    ]
  ],
  "page_cache_simulation": {
    "belady_hit_rate": 0.7269023355406637,
    "belady_hits": 73327,
    "belady_miss_rate": 0.2730976644593362,
    "belady_misses": 27549,
    "belady_reuse_hit_rate": 1.0,
    "belady_reuse_hits": 73327,
    "belady_reuse_miss_rate": 0.0,
    "belady_reuse_misses": 0,
    "capacity_blocks": 21333,
    "compulsory_misses": 27549,
    "lru_hit_rate": 0.7251873587374599,
    "lru_hits": 73154,
    "lru_miss_rate": 0.2748126412625401,
    "lru_misses": 27722,
    "lru_reuse_hit_rate": 0.9976407053336425,
    "lru_reuse_hits": 73154,
    "lru_reuse_miss_rate": 0.002359294666357549,
    "lru_reuse_misses": 173,
    "reuse_accesses": 73327,
    "total_accesses": 100876
  },
  "trace_path": "results/experiments/headroom_effective_residency_full_20260427/near_real__ps32__mem032__belady_bypass/traces/lru.jsonl",
  "unique_blocks": 29596,
  "unique_nodes": 558
}