{
  "event_counts": {
    "eviction_frontier": 1092,
    "match_result": 1613,
    "node_access": 1830,
    "node_created": 960,
    "node_evicted": 1092,
    "node_lock": 4540,
    "node_split": 172,
    "request_lookup": 1613
  },
  "frontier_belady_diff_rate": 0.0,
  "frontier_decisions": 1092,
  "frontier_same_choice_rate": 1.0,
  "lookup_summary": {
    "mean_blocks_per_request": 69.80223186608804,
    "mean_tokens_per_request": 4467.342839429634,
    "request_count": 1613,
    "requested_blocks": 112591,
    "requested_tokens": 7205824
  },
  "match_summary": {
    "block_hit_rate": 0.6590313612988605,
    "block_miss_rate": 0.3409686387011395,
    "matched_blocks": 74201,
    "matched_tokens": 4748864,
    "missed_blocks": 38390,
    "missed_tokens": 2456960,
    "request_count": 1613,
    "token_hit_rate": 0.6590313612988605,
    "token_miss_rate": 0.3409686387011395
  },
  "most_accessed_blocks": [
    [
      -2010912518880770751,
      66
    ],
    [
      -2559771891043479043,
      66
    ],
    [
      261755300668017243,
      66
    ],
    [
      7089466004464493247,
      66
    ],
    [
      -5220436708376363725,
      66
    ],
    [
      -2446563284765665395,
      66
    ],
    [
      -5278400479703220481,
      66
    ],
    [
      -551262738351386442,
      66
    ],
    [
      -7148801386605776995,
      66
    ],
    [
      4036351482434777544,
      66
    ],
    [
      7311239989194656626,
      66
    ],
    [
      1593419483553108992,
      66
    ],
    [
      -7385295511332011877,
      66
    ],
    [
      4284100613886127963,
      66
    ],
    [
      -2330897690909331403,
      66
    ],
    [
      -1234714642542166015,
      66
    ],
    [
      3537169852929334373,
      66
    ],
    [
      -3001370170469196858,
      66
    ],
    [
      7449654241335056715,
      66
    ],
    [
      1615575976871577036,
      66
    ]
  ],
  "most_accessed_nodes": [
    [
      354,
      19
    ],
    [
      374,
      17
    ],
    [
      448,
      16
    ],
    [
      785,
      16
    ],
    [
      592,
      15
    ],
    [
      780,
      15
    ],
    [
      627,
      13
    ],
    [
      635,
      13
    ],
    [
      992,
      13
    ],
    [
      114,
      12
    ],
    [
      64,
      11
    ],
    [
      280,
      11
    ],
    [
      35,
      10
    ],
    [
      118,
      10
    ],
    [
      144,
      10
    ],
    [
      206,
      10
    ],
    [
      924,
      10
    ],
    [
      874,
      9
    ],
    [
      87,
      8
    ],
    [
      129,
      8
    ]
  ],
  "page_cache_simulation": {
    "belady_hit_rate": 0.9322059489657255,
    "belady_hits": 104958,
    "belady_miss_rate": 0.0677940510342745,
    "belady_misses": 7633,
    "belady_reuse_hit_rate": 1.0,
    "belady_reuse_hits": 104958,
    "belady_reuse_miss_rate": 0.0,
    "belady_reuse_misses": 0,
    "capacity_blocks": 16000,
    "compulsory_misses": 7633,
    "lru_hit_rate": 0.9322059489657255,
    "lru_hits": 104958,
    "lru_miss_rate": 0.0677940510342745,
    "lru_misses": 7633,
    "lru_reuse_hit_rate": 1.0,
    "lru_reuse_hits": 104958,
    "lru_reuse_miss_rate": 0.0,
    "lru_reuse_misses": 0,
    "reuse_accesses": 104958,
    "total_accesses": 112591
  },
  "trace_path": "runs/experiments/adversarial_fcfs_page_size/fcfs_matrix__20260420T183610Z/natural-tenant-rotation-gap__ps-64/traces/lru.jsonl",
  "unique_blocks": 7808,
  "unique_nodes": 1132
}